username,comment,total_like,total_reply,is_reply,reply_to,parent_comment
alvinmuhammad6222,🔥🔥🔥🔥❤️😍😂,0,2,0,,
kutut7262,"@alvinmuhammad6222 GANJAR PRANOWO SAJA SALAM METAL DARI PDI PERJUANGAN, SATYAM EVA JAYATE, PDIP SOLID, PDIP BERGERAK, PDIP KUAT, PDIP PERKASA, 98%, SALAM METAL, SALAM 3 JARI, DUKUNG GANJAR PRANOWO UNTUK INDONESIA, SALAM METAL MERAH TOTAL",0,0,1,alvinmuhammad6222,🔥🔥🔥🔥❤️😍😂
kutut7262,"@alvinmuhammad6222 NEGARA ADIL, MARITIM, LESTARI. GERAK CEPAT MENUJU INDONESIA UNGGUL, GANJAR-MAHFUD UNTUK INDONESIA",0,0,1,alvinmuhammad6222,🔥🔥🔥🔥❤️😍😂
tavhir,Isep isep terus,3,2,0,,
kutut7262,"@tavhir GANJAR PRANOWO SAJA SALAM METAL DARI PDI PERJUANGAN, SATYAM EVA JAYATE, PDIP SOLID, PDIP BERGERAK, PDIP KUAT, PDIP PERKASA, 98%, SALAM METAL, SALAM 3 JARI, DUKUNG GANJAR PRANOWO UNTUK INDONESIA, SALAM METAL MERAH TOTAL",0,0,1,tavhir,Isep isep terus
kutut7262,"@tavhir NEGARA ADIL, MARITIM, LESTARI. GERAK CEPAT MENUJU INDONESIA UNGGUL, GANJAR-MAHFUD UNTUK INDONESIA",0,0,1,tavhir,Isep isep terus
ardisyaa.h,,1,1,0,,
kutut7262,"@ardisyaa.h GANJAR PRANOWO SAJA SALAM METAL DARI PDI PERJUANGAN, SATYAM EVA JAYATE, PDIP SOLID, PDIP BERGERAK, PDIP KUAT, PDIP PERKASA, 98%, SALAM METAL, SALAM 3 JARI, DUKUNG GANJAR PRANOWO UNTUK INDONESIA, SALAM METAL MERAH TOTAL",0,0,1,ardisyaa.h,
si.lathifa,Adrian Wibowo @awibowowo77  versi dewasa😮,1,0,0,,
sherrylinlove,cair ya,2,0,0,,
sherrylinlove,dih,0,0,0,,
dunyalyfe,Penyepong,1,0,0,,
arethadewia,mata batin tertutup😢,5,0,0,,
tedensikikuk,Spill rumahnyaa,3,0,0,,
bubblerarra,Asikk cair 150,5,0,0,,
lisasbun,"anjay sampe di pin, cair brp nih",11,0,0,,
jyldnlkk,Idih,5,0,0,,
cheapthriftever,CAIRRR CAIRRR JILAT TRS ASS WOWOKKK,4,0,0,,
kugy.karmachameleon,artis flop,3,0,0,,
rainn2307,Dapet brp nih????😂,5,0,0,,
inaffableee,cair cairrr,9,0,0,,
poyluccc,dapet apa sih??? udh gak laku ya sinetronnya?,13,0,0,,
poyluccc,jilat terussss sampe basah,7,0,0,,
poyluccc,gilaaaa di pin semua postnya sama presiden gagal 👏👏👏,3,1,0,,
kutut7262,@poyluccc @ganjar_pranowo @mohmahfudmd,0,0,1,poyluccc,gilaaaa di pin semua postnya sama presiden gagal 👏👏👏
karenscn_,Penasaran sama kompetensinya sbg komisaris,4,0,0,,
ziiah.natta,Bayy bangety,0,0,0,,
barryahmad,BUZZER NIH GUYS @irwandiferry,3,0,0,,
sam_rajiemin54,Pantesan jadi Komisaris😂,19,1,0,,
snackandchill.jksl,@sam_rajiemin54 komisaris apa tu bang?,0,0,1,sam_rajiemin54,Pantesan jadi Komisaris😂
agengsbd,Licking man,6,0,0,,
isnainihayati11,Jejak digital .... selamat jadi komisaris😂,17,0,0,,
vvvvveeee_gxrvviola,Hai KK ko ga ada lagi mai di filem Ani malaikat tak bersayap,0,2,0,,
tiarawhilma,👏,0,0,0,,
taa.taliaa,Kangen Zidan please,1,1,0,,
astrylianti_,Zidan kmuu kemanaa aku rinduuu😢,2,2,0,,
abe.iee,Welly,3,0,0,,
yokhe.odank,Well di cariin rudi di suruh ngadep pak anggoro 😂,4,0,0,,
pingky.dj,Ksini gara2 film 9 bulan 😍,8,6,0,,
alwi_muhtar,@pingky_julia03 sama,0,0,1,pingky.dj,Ksini gara2 film 9 bulan 😍
alwi_muhtar,@alwi_muhtar welly🔥🔥,0,0,1,pingky.dj,Ksini gara2 film 9 bulan 😍
pingky.dj,Haha iya,0,0,1,pingky.dj,Ksini gara2 film 9 bulan 😍
ayuu.rachmaa,@pingky_julia03 gabisa move on dari film 9 bulan 😍,0,0,1,pingky.dj,Ksini gara2 film 9 bulan 😍
ahmddrizkii__,@pingky_julia03 kalau boleh tau filemnya udah tamat belum?,0,0,1,pingky.dj,Ksini gara2 film 9 bulan 😍
pingky.dj,Syudah,1,0,1,pingky.dj,Ksini gara2 film 9 bulan 😍
adkhafauz,,10,1,0,,
_zrchma_,"@adkhafauz stelah nonton squid game , ksni gara2 kok mirip @fero_walandouw ya😂",0,0,1,adkhafauz,
eka.tya.3152,Jd malas nonton AMTB jika gak ada tokoh Zidan,7,1,0,,
cidinichintya_,garpu nyaa mana??,3,0,0,,
adkhafauz,Thanos😂,7,0,0,,
rayrammang,Thanos,6,1,0,,
dirman870,,2,0,1,rayrammang,Thanos
dirman870,,10,2,0,,
abaysiuu_,@dirman870 iya weh mirip😭,1,0,1,dirman870,
dirman870,@abaysiuu_ kaaan wkwkwk,1,0,1,dirman870,
akhtarzieah,Main lagi 😢,0,1,0,,
akhtarzieah,😢,0,0,0,,
akhtarzieah,Masuk lagi KA di Aini malaikat tak bersayap,4,1,0,,
renitakurniaputri,Sekarang nggak pernah liat sinetron Aini semenjak nggak ada sosok Zidan @fero_walandouw,2,3,0,,
renitakurniaputri,@kurniakismoko karna masih kebawa peran Zidan,0,0,1,renitakurniaputri,Sekarang nggak pernah liat sinetron Aini semenjak nggak ada sosok Zidan @fero_walandouw
andinidwiislamii,Kenapa ya kalau liat Poto Kaka serasa kaya malaikat terus😢,1,1,0,,
natasyatasya2912,Pliss balikin zidan😭🥲,5,1,0,,
quzlaaa,Kecewa  beratttt sama kamu ka😢,3,0,0,,
quzlaaa,Kak feroo kmu keluar aku nangis kejerr tauu kmu di gantiin,3,1,0,,
delisaairaputri,Zidan jangan keluar di MTB,2,1,0,,
tikaaarumii,"Pdhl lagi seneng2nya Zidan sama Aini, gak seru kalau gk ada zidan 🥺",4,1,0,,
acc_waw,zidannnnnn jangannn keluare,6,0,0,,
putridamayantii18,Zidann balikkk yooo k Aini 😢,3,1,0,,
xyzv_siska13,Kak zidann kenapaa ngilangg😢,4,0,0,,
imoyymoyymuaffaq,Zidan ko tiba tiba ngilangg ahhh😢,4,0,0,,
azza_cxx,bajuna fero knp kusut gitu dah 😢🙌,1,0,0,,
wantek.gorontalo,🔥,0,0,0,,
inggilestariagustien,Bang Fero dm aku baca dong 😢,0,0,0,,
viionaa77,V,0,0,0,,
thomassellbuy,💙💙,0,0,0,,
jhofanpapuaoil,Mantapp 🔥🔥 @fero_walandouw,0,0,0,,
emayuliaw,🤘🏻🫰🏻💙💙,0,0,0,,
iintannvn_,,0,0,0,,
aprilragenzaa,Pak Prabowo ❤,1,0,0,,
aprilragenzaa,✌🏻🩵,1,0,0,,
rikanovitasarie06,Gemoy dan mas gibran satu putaran✌,2,0,0,,
mhdrezamr_,"Orang Waras pasti bisa menilai mana benar dan mana yg salah, ketika suatu kesalahan dijadikan sebuah pembenaran disitulah tingkat Kewarasan kita diuji apakah kita berEtika atau tidak. Tolak Kubu Pelanggar ETIKA",0,0,0,,
alif.cherycikarang,Wiiih kerenn pilihan saya ✌️,0,0,0,,
mfajarilham_,"Bang Rikweesin ya: Besok kalo jadi bagi makan siang lauk sama nasinya yg banyak ya kalo ga pesen di RM Padang aja biar kita kenyang pas pulang sekolah, tapi jangan serbu, lauk ya pala kakap aja gpp ga usah rendang tapi di kasih dikit ya gpp minum nya es teh jumbo aja gpp ko💪Pesta rakyat untuk Indonesia mukbang",0,0,0,,
adnrr86,sudah saatnya bapak prabowo bersistirahat..menikamti masa tua dengan tenang dan bahagia..jgn capek2 untuk bekerja...sehat selalu ❤️,0,0,0,,
sugiono_ryan,Yg dah ilang akal sehatnya alias goblok bin tolol pasti pilihnya 02! Yg cerdas dan berakal sehat berduyun2 Hijrah ke 01!!👏 Sorry Yee!! Rakyat cerdas mah ga kemakan gimmick org goblokkk!!😂,0,0,0,,
dianyaanda,Nomor 1 ❤️❤️❤️❤️kelass,3,0,0,,
margaretaagusti,All in prabowo gibran kak fero✌,0,0,0,,
dira.yunda,All in Prabowo,0,0,0,,
joe_ariesta703,02 ✌️✌️❤️ 🇮🇩,0,0,0,,
kontraktor_profilan_klasik,🔥🔥🔥🔥🔥,0,0,0,,
silverqueen000_,😍,1,0,0,,
dira.yunda,ALL IN FOR PRABOWO GIBRAN 2024 NO ✌🏻2,2,0,0,,
auliaallhasan,😍,0,0,0,,
varo_and_kadut,❤️❤️❤️❤️,2,0,0,,
putri_oficial7458,Mantap✌️🥰🥰🥰,0,0,0,,
ebixflower,Majuu Toleee Minahasa😍,4,0,0,,
saerangtyas,I yayat u santi,0,0,0,,
khsnulhtmah_,AMIN 🤲🤲🤲☝️☝️INSHA ALLAH PRESIDENT 2024 🔥🔥🔥,0,0,0,,
yudngrha,"Salam kosong satu,🔥 ANIS",0,0,0,,
kabirshoh__,👏👏👏👏,0,0,0,,
tasya_syifalovers,❤️❤️❤️,0,0,0,,
iday775511,😍,0,0,0,,
febpur_,seganteng itu🥺,1,0,0,,
mursalin.23,Kau nampakvtua dan lelah eyang..sdh waktunya istirahat. Kasian rakyat ini lihat eyang .,0,0,0,,
zusttopena,Aneh gw sma artis artis pilih 02.. Bwat rakyat sadar lah,0,0,0,,
kayy_risee,"Suara rakyat jelata (Mau ngasih makan aja harus jadi presiden dan wakil presiden dulu. Itupun dari pajak, pajak yg di naikkan untuk ngasih makan siang gratis untuk rakyat, seluruh ibu² se-Indonesia masak makan siang gratis dari pajak). Bodohnya rakyat yg ngga sadar. Jokowi ingin menurun dinasti ke anaknya tapi yg bayar utang negara adalah rakyatnya. Inilah alasan mengapa pilih 02 syaratnya harus bodoh 😂",0,0,0,,
racun_shopee1299,Di endors berapa Bg eh maksudnya di kasih uang berapa M Bg,3,2,0,,
sahilryoz555888,@racun_shopee1299  pinjamlah 100 🤣🤣🤣,0,0,1,racun_shopee1299,Di endors berapa Bg eh maksudnya di kasih uang berapa M Bg
ikyyy.48,@racun_shopee1299 udah kaya knpa harus di bayar?,0,0,1,racun_shopee1299,Di endors berapa Bg eh maksudnya di kasih uang berapa M Bg
ekipantonii,All in anies,0,1,0,,
ekipantonii,@ekipantonii jadi ketua rt,0,0,1,ekipantonii,All in anies
anakbocil45,terpilih atau tidak terpilih bagi Paslon no 1 dan bagi Paslon no urut 3 itu berkah ji bagi rakyat. Kalo terpilih paslon no urut 2 itu tidak berkah bagi rakyat Indonesia karena Paslon no urut 2 melanggar aturan MKMK. Indonesia menjadi pemerintah haram kalo terpilih no urut 2 🔥🔥🔥🔥,0,0,0,,
langitbitu_77l,Kak fero 🔥✌️✌️✌️,1,0,0,,
hendralesmana_09,Mana Sanjaya_ms Tadi Kok Di Hapus Komentar Prestasi anies😂,0,1,0,,
hendralesmana_09,@hendralesmana_09 Jadinya Malu Sendiri Kan. Pendukung anies memang suka Membuat Malu diri sendiri😂😂😂,0,0,1,hendralesmana_09,Mana Sanjaya_ms Tadi Kok Di Hapus Komentar Prestasi anies😂
silvy_handayanii,02 Gemoyy ✌️,0,0,0,,
gustava1802,Aku setuju Pak Prabowo jadi presiden Indonesia dan wakilnya setuju Gibran  sukses ⭐♥️👍🇮🇩,0,0,0,,
putrynovia2,Tetep salfok sama yg pake topi senada smaa bajunya.. Padahal dia belakangin kamera ... 😍😍😍😍,2,0,0,,
herlina_1235,✌✌✌🥰✌🥰🥰✌✌✌❤❤❤❤💙💙💙💙💙🔥🔥🔥🇲🇨🇲🇨🇲🇨🇲🇨🤲🤲🤲,0,0,0,,
handihands,Klo soal Prabowo gua follow,0,0,0,,
obboyyyyy_,02,0,0,0,,
jerry_mandagie,All in Prabowo Gibran yeeee,0,0,0,,
mimpi08,Gas Tuama✌,0,0,0,,
arkikalalo,Nomor 2 Torang gas ✌️,0,0,0,,
sajariswandi,Selama 20 tahun bisnis saya macet karena tidak berkuasa. Udah mo bilang itu aja 😂,0,0,0,,
tinnoth,Suka deh..,0,0,0,,
gerrioxstar,Ganjar mahmud 🤘🤟🤟,0,0,0,,
dadanhermawan803,Amiiin pasti pemimpin dunia akhirat bisa sholat bisa ngaji,0,0,0,,
akmalia_maharani,Anis presiden,0,0,0,,
ulukwing,Pendukung 02 Ngeriiii Ngeriiii 😮,0,0,0,,
rian_ramadhan19,Halo kembaran 😂,0,0,0,,
mgeraldys,"Akting aja udha gausah ikut2 politik, indinesia butuh politisi yang kredibel bukan politisi yang jago tipu2depan kamera",3,0,0,,
vallerievee_,"Bismillah.. all in prabowo gibran 2024.. sebab sdh bosen dengar kata.kata perubahan, klo bisa ada jamin perubahan secara silakan buktikan tanpa harus tunggu jadi presiden dulu.. yg sdh di lakukan saja babak belur..hmm😂",0,0,0,,
abdullah__hs2,Kami dukung bapak menang,0,0,0,,
xssrlwy,PRABOWO-GIBRAN UNTUK INDONESIA MAJU 2024-2029! JANGAN LUPA COBLOS 02✌🏼🔥✌🏼🔥✌🏼🔥✌🏼,0,0,0,,
xssrlwy,PRABOWO-GIBRAN UNTUK INDONESIA MAJU 2024-2029! JANGAN LUPA COBLOS 02✌🏼🔥✌🏼🔥✌🏼🔥✌🏼,0,0,0,,
xssrlwy,awwwa,0,0,0,,
mey.anah,All in prabowo nih boss senggol dong,0,0,0,,
ria.fidi,AMIN❤️,0,0,0,,
fikriilahirobi25,@dino_fu_ kaya si dagol itu tong,0,0,0,,
meeeeaaa_____,sehat selalu pak @prabowo ❤️,0,0,0,,
raih_gantina,Okey gas Okey gas 02 gaskeun 😍,0,0,0,,
dewimurjaan,Gaaaassskan Sumbar ✌️,0,0,0,,
haeraajimayu,Dua menang 1 putaran🤲🥰😍♥️,0,0,0,,
rizki_septi91,✌️❤️,0,0,0,,
khikmatulislamia,PRABOWO GIBRAN,0,0,0,,
den_derr,oke gas oke gas @prabowo Ri 1,0,0,0,,
luc_lucky29,All in Prabowo,0,0,0,,
kartika_imel,insya Allah all in prabowo gibran 2 🤗✌️❤️❤️❤️,0,0,0,,
bolususuelis,PRABOWO GIBRAN🙌,0,0,0,,
pwc_intermedia,"Tetep 02 , Prabowo & Gibran ✌️✌️✌️",0,0,0,,
meiskekaunang71,Satu putaran Prabowo Gibran 💪💪💪,0,0,0,,
jali_arga123,❤️❤️❤️❤️❤️❤️,0,0,0,,
jali_arga123,😍😍😍😍😍,0,0,0,,
larasmylonia,Bapak presiden ku❤️,0,0,0,,
ikhlaspz,All in PRABOWO GIBRAN🔥🔥🔥,0,0,0,,
chefer_ocs,ALL IN PRABOWO GIBRAN✌🏻💙,0,0,0,,
rezkypr24,✌️✌️✌️,0,0,0,,
terusbelajarbaik,"Bismillah.pemimpin yg cerdas, santun , menjunjung tinggi etika ya AMIN❤️",0,0,0,,
mrs.tlflo,❤️❤️❤️✌🏻✌🏻✌🏻🙌🏻🙌🏻🙌🏻,0,0,0,,
razkiara16,✌️,0,0,0,,
la.j.umr,Kalau pak prabowo mantap👍👍👍,0,0,0,,
silfiemustikaaa,✌️✌️✌️,0,0,0,,
zhepty7,✌✌✌✌😘😘❤❤❤,0,0,0,,
donirodiansa,Warga Aceh All in Prabowo Gibran 🔥🔥,0,0,0,,
fhmnjrdn,🔥,0,0,0,,
mozaprincess,✌️✌️😍😍,0,0,0,,
syaugi_hbsy,"Pak prabowo berkomitmen untuk melanjutkan semua program jokowi dan jokowi pun mengutus anaknya menjadi wakil presiden pak probowo dimna di zaman jokowi semakin hari semua bahan"" Semakin naik, BBM naik, listrik naik, air naik, pajak naik, beras dan bahan pangan dan sandang lainnya pun pada naik trus sedangkan UMR kita kecil. 
Pertanyaan saya apakah kita semua mau melanjutkan kenaikan ini semua, mau melihat keluarga kita menjerit dgn kenaikan harga"" Dan susah nya dapat lapang pekerjaan atau kita mau melakukan suatu perubahan demi kesejahteraan kita semua??? 
Ayok mikir... ☺☺☺",0,0,0,,
rudynovy,✌✌😍🥰,0,0,0,,
vediepay_,mantap bang,0,0,0,,
florahwimof,Maumere Prabowo 💯❤️❤️❤️🔥🔥🔥,0,0,0,,
danenmay,mana foto makan bareng duduk di terpalnya 😂,0,0,0,,
popijuliani6,❤️ all in prabowo gibran,0,0,0,,
adriahasmito,Aminn ya Allah semoga berkah,0,0,0,,
niputuadp,❤️❤️,0,0,0,,
need.da,✌🏻🥰,0,0,0,,
sumarnisumarni1204,🔥🔥🔥✌️,0,0,0,,
ronny_jaguar,"sorry yee.. sorry yee.. , cukup 2 periode dkung pak prbwo, krna sdh tdk brada d oposisi gak tahan jd oposisi, bisnis gak jln klo ga ada kekuasaan,  fix yakin pilih AMIN24",0,0,0,,
edwinbagas_28,✌️,0,0,0,,
salma.wati97,Pak wowo❤️,0,0,0,,
deshuu23_,Bapak Gueee✌️,0,0,0,,
ratna.yuliyanti_,"Prabowo ,Alfero pasti nya maaaantaf ...🔥🔥👏👏😍😍✌✌✌✌❤❤",0,0,0,,
dika_art_,✌️✌️,0,0,0,,
milarhyyu,ALL IN PRABOWOOO ❤️🔥,0,0,0,,
lailaasaass,MAMPIR ROROTAN DONG BANGGG,0,0,0,,
ogheltiara,Prabowo Gemoy✌✌✌✌❤️❤️,0,0,0,,
hasraaannnnn,🫰🏻🫰🏻🫰🏻,0,0,0,,
susipangemanan,Prabowo gibran,0,0,0,,
asep_narayana,❤️❤️❤️ prabowo gibran 1 putaran,0,0,0,,
rsky888_,"ᴀᴘᴀ ʏᴀɴɢ ᴅɪ ʜᴀʀᴀᴘᴋᴀɴ ᴅᴀʀɪ ᴘᴀᴋ ᴘʀᴀʙᴏᴡᴏ ᴅᴀɴ ɢɪʙʀᴀɴ, ᴋᴀʀᴇɴᴀ ᴅɪᴀ ᴅᴀʀɪ ᴍɪʟɪᴛᴇʀ ᴛᴇʀᴜꜱ ᴅɪᴀ ᴜᴅᴀʜ ʜᴇʙᴀᴛ, ʟɪᴀᴛ ᴀᴊᴀ ᴅᴇʙᴀᴛ ᴋᴇᴛɪɢᴀ ꜱᴇᴍᴀʟᴀᴍ, ᴛᴀɴʏᴀ ᴘᴀᴋ ɢᴀɴᴊᴀʀ ᴛᴇɴᴛᴀɴɢ ᴍɪʟɪᴛᴇʀ ᴅᴀɴ ᴘᴇʀᴛᴀʜᴀɴᴀɴ, ᴍᴀʟᴀʜ ɢ-ᴘʟᴀʏ ɢɪᴛᴜ. ᴘᴀᴅᴀʜᴀʟ ᴘᴀᴋ ᴘʀᴀʙᴏᴡᴏ ᴍᴀꜱɪʜ ᴍᴇɴᴅᴜᴅᴜᴋɪ ᴊᴀʙᴀᴛᴀɴ ɪᴛᴜ, ᴄᴜᴍᴀɴ ʙɪꜱᴀ ᴇᴍᴏꜱɪᴀɴ....ᴀᴘᴀʟᴀɢɪ ᴘᴀᴋ ɢɪʙʀᴀɴ,ʏɢ ᴅɪ ᴛᴀɴʏᴀ ᴘᴀᴋ ᴍᴀʜꜰᴜᴅ.. ʏɢ ᴅɪ ᴛᴀɴʏᴀ ᴀ ᴍᴀʟᴀʜ ᴊᴀᴡᴀʙ ʏᴀ ᴄ ᴅᴀɴ ᴅ. ɪɴɪ ʏɢ ᴘᴇɴᴅᴜᴋᴜɴɢ ɴᴏ.2 ᴛᴀᴍᴀᴛ ꜱᴇᴋᴏʟᴀʜ ɢᴀᴋ ꜱɪʜʜ, ᴊᴜᴊᴜʀ ꜱᴀʏᴀ ɢᴀᴋ ᴘᴇɴᴅᴜᴋᴜɴɢ 01 ᴀᴛᴀᴜ 03.. ᴛᴀᴘɪ ᴋɪᴛᴀ ʟɪᴀᴛ ᴘᴀᴋᴀɪ ᴀᴋᴀʟ ᴅᴀɴ ʟᴏɢɪᴋᴀ ᴀᴊᴀ 😊 [ ᴘᴇɴᴅᴜᴋᴜɴɢ ᴘᴇᴍɪʟᴜ ᴅᴀᴍᴀɪ 2024]",0,0,0,,
tommyjefrybuluh,LANGOWAN KARU KAMI 💪,0,0,0,,
tommyjefrybuluh,🔥🔥PRABOWO yesss💪👍✌️,0,0,0,,
zelpamitrazelpamitra,"Onde yg tuo wajah apak ko ,,lah lelah nampak mah lah butuk banya istirahat laiko Jang dipaso juo mangurus negara ko agiah lah KA yg Mudo lih,,Yo dak ,,salam aaka sehat,,amin",0,0,0,,
rinegloria_,Prabowo✌️,0,0,0,,
meonx_bgr,Mudah2an pak Prabowo diberi kekuatan pas pengumuman kalah nanti...😢😢😢,0,0,0,,
corinovita_12,Makasih bang ferouw,0,0,0,,
media_surakarta,Yg setuju anggaran kemenhan di audit Like🔥🔥🔥🔥,0,0,0,,
joopaw19,gw ketemu sama lu bang pas di depan gedung kpu.cakepan aslinya jir,0,0,0,,
farhan_aulia2,"Semoga kita akan diberi keturunan yang menyerupai junjungan yang kita inginkan baik dari segi mental, sikap, perilaku, tata krama, ilmu dan kemampuannya. Aminn",0,0,0,,
emi.utaris,✌️😍,0,0,0,,
ladybyunn,2❤️,0,0,0,,
kurniadihito,TOMBOL Pendukung DINASTI ORDAL ====>>>,0,0,0,,
iis_1202,👏👏👏🔥❤️😍✌️,0,0,0,,
adya_llss,Bingun sama artis artis mereka padahal rata rata berpendidikan tinggi.. Tapi apa buta mata buta hati banyak dukung paslon yang punya wakil jalur MK dan curang 😢,43,35,0,,
rindyssss,@adya_llss keknya matakau yg buta,55,0,1,adya_llss,Bingun sama artis artis mereka padahal rata rata berpendidikan tinggi.. Tapi apa buta mata buta hati banyak dukung paslon yang punya wakil jalur MK dan curang 😢
adya_llss,@rindyssss udah diem pasukan asam sulfat 😂,5,0,1,adya_llss,Bingun sama artis artis mereka padahal rata rata berpendidikan tinggi.. Tapi apa buta mata buta hati banyak dukung paslon yang punya wakil jalur MK dan curang 😢
bebyila02,"@adya_llss itu hak mbak, terserah pilih siapa",17,0,1,adya_llss,Bingun sama artis artis mereka padahal rata rata berpendidikan tinggi.. Tapi apa buta mata buta hati banyak dukung paslon yang punya wakil jalur MK dan curang 😢
febyayyyyyu,@adya_llss 😢 kasian kamu sendirian,11,0,1,adya_llss,Bingun sama artis artis mereka padahal rata rata berpendidikan tinggi.. Tapi apa buta mata buta hati banyak dukung paslon yang punya wakil jalur MK dan curang 😢
kaka_syantik_,@adya_llss dari pada catatan kpk,6,0,1,adya_llss,Bingun sama artis artis mereka padahal rata rata berpendidikan tinggi.. Tapi apa buta mata buta hati banyak dukung paslon yang punya wakil jalur MK dan curang 😢
kaka_syantik_,@rindyssss yg ngaku cerdas biasanya omongan aja giliran di serang bar bargk punya otak,3,0,1,adya_llss,Bingun sama artis artis mereka padahal rata rata berpendidikan tinggi.. Tapi apa buta mata buta hati banyak dukung paslon yang punya wakil jalur MK dan curang 😢
xssrlwy,@adya_llss matamu seng buta✌🏼🙊,1,0,1,adya_llss,Bingun sama artis artis mereka padahal rata rata berpendidikan tinggi.. Tapi apa buta mata buta hati banyak dukung paslon yang punya wakil jalur MK dan curang 😢
deddy.rams,"@adya_llss kan udah dibayar mba, masa iya artis mau ikut kampanye ga dibayar",0,0,1,adya_llss,Bingun sama artis artis mereka padahal rata rata berpendidikan tinggi.. Tapi apa buta mata buta hati banyak dukung paslon yang punya wakil jalur MK dan curang 😢
khb_khl,@adya_llss 02❤️,0,0,1,adya_llss,Bingun sama artis artis mereka padahal rata rata berpendidikan tinggi.. Tapi apa buta mata buta hati banyak dukung paslon yang punya wakil jalur MK dan curang 😢
rifmanurung,@adya_llss lu yang diem cari lapak komen di anis aja lu,0,0,1,adya_llss,Bingun sama artis artis mereka padahal rata rata berpendidikan tinggi.. Tapi apa buta mata buta hati banyak dukung paslon yang punya wakil jalur MK dan curang 😢
_.sokebahtera,@adya_llss kalo mau komen minimal riset dulu la biar ga nampak dongonya,1,0,1,adya_llss,Bingun sama artis artis mereka padahal rata rata berpendidikan tinggi.. Tapi apa buta mata buta hati banyak dukung paslon yang punya wakil jalur MK dan curang 😢
micro_verse98,"@adya_llss udah fokus aja maen tiktok kak biar besok bisa makan pake ikan kasian kalo makan pake ubi terus, dagang balon di simpang jg bagus tuh🙇",0,0,1,adya_llss,Bingun sama artis artis mereka padahal rata rata berpendidikan tinggi.. Tapi apa buta mata buta hati banyak dukung paslon yang punya wakil jalur MK dan curang 😢
kartikashr_,@adya_llss terserah lah ngapain lu ngatur² urus aja suara lu😂 ngapain ngurusin hak suara org,0,0,1,adya_llss,Bingun sama artis artis mereka padahal rata rata berpendidikan tinggi.. Tapi apa buta mata buta hati banyak dukung paslon yang punya wakil jalur MK dan curang 😢
garbaputra86,@adya_llss lu kali matalu buta 😂😂 GK mikir pake otak apa Ama janji² manis Anies sama Ganjar 😂😂😂,0,0,1,adya_llss,Bingun sama artis artis mereka padahal rata rata berpendidikan tinggi.. Tapi apa buta mata buta hati banyak dukung paslon yang punya wakil jalur MK dan curang 😢
deypanjaitan,@adya_llss brisik. Gasuka gausah ngehasut org,0,0,1,adya_llss,Bingun sama artis artis mereka padahal rata rata berpendidikan tinggi.. Tapi apa buta mata buta hati banyak dukung paslon yang punya wakil jalur MK dan curang 😢
timo.zendt,@adya_llss lonte diam aja sih kataku😂,0,0,1,adya_llss,Bingun sama artis artis mereka padahal rata rata berpendidikan tinggi.. Tapi apa buta mata buta hati banyak dukung paslon yang punya wakil jalur MK dan curang 😢
congking_7,"@adya_llss merasa pilihan dia yang paling tepat, lu mau pilih apa itu hakmu ga usah sok jadi paling benar, kosong emang",0,0,1,adya_llss,Bingun sama artis artis mereka padahal rata rata berpendidikan tinggi.. Tapi apa buta mata buta hati banyak dukung paslon yang punya wakil jalur MK dan curang 😢
rinasakinaaa,@adya_llss air beriak tanda tak dalam🙏,0,0,1,adya_llss,Bingun sama artis artis mereka padahal rata rata berpendidikan tinggi.. Tapi apa buta mata buta hati banyak dukung paslon yang punya wakil jalur MK dan curang 😢
hendralesmana_09,@adya_llss iri ya 😂,0,0,1,adya_llss,Bingun sama artis artis mereka padahal rata rata berpendidikan tinggi.. Tapi apa buta mata buta hati banyak dukung paslon yang punya wakil jalur MK dan curang 😢
dheleopratama_20,@adya_llss SDM Rendah,0,0,1,adya_llss,Bingun sama artis artis mereka padahal rata rata berpendidikan tinggi.. Tapi apa buta mata buta hati banyak dukung paslon yang punya wakil jalur MK dan curang 😢
iswatun129,"@adya_llss Msu ssmpe kpm yaaa.... pelihsrahati yg kotor, jd pembenci, iri dengki. Gak t@kut karma??? Taubat deh mumpung msh diberi umur.",0,0,1,adya_llss,Bingun sama artis artis mereka padahal rata rata berpendidikan tinggi.. Tapi apa buta mata buta hati banyak dukung paslon yang punya wakil jalur MK dan curang 😢
kha_fidz_007,"@adya_llss lah, sok paling tau 🤣🤣🤣",0,0,1,adya_llss,Bingun sama artis artis mereka padahal rata rata berpendidikan tinggi.. Tapi apa buta mata buta hati banyak dukung paslon yang punya wakil jalur MK dan curang 😢
_hanyyyyy04,"@adya_llss  kan mereka berkepentingan 😂😂😂 inget ngga ada artis yg terlibat pencucian uang 😂😂😂 so g bakalan juga bisa d ungkap soalnya saling berkepentingan ,lo aman gue aman😂😂😂😂 dimana ada gula di situlah ada semut",0,0,1,adya_llss,Bingun sama artis artis mereka padahal rata rata berpendidikan tinggi.. Tapi apa buta mata buta hati banyak dukung paslon yang punya wakil jalur MK dan curang 😢
hifyyaaak_,@adya_llss prasaan yg menggugat ke MK itu PDIP deh gugatan batas umur cawapres 😮,0,0,1,adya_llss,Bingun sama artis artis mereka padahal rata rata berpendidikan tinggi.. Tapi apa buta mata buta hati banyak dukung paslon yang punya wakil jalur MK dan curang 😢
astri.2209,@adya_llss lu yang diem deh,0,0,1,adya_llss,Bingun sama artis artis mereka padahal rata rata berpendidikan tinggi.. Tapi apa buta mata buta hati banyak dukung paslon yang punya wakil jalur MK dan curang 😢
ferry_hua_yan,@adya_llss lu aj yg diam mulut.. mulutmu yg resek...hak org mau milih siapa...byk atur kau....otak gx ad isi ny y gt lah😢😢😢😢,0,0,1,adya_llss,Bingun sama artis artis mereka padahal rata rata berpendidikan tinggi.. Tapi apa buta mata buta hati banyak dukung paslon yang punya wakil jalur MK dan curang 😢
akungabbyy,@adya_llss jalur mk? Km berkata bahwa yg mengusulkan usia capres adalah gibran bukan? Nyatanya yg mengusulkan dan menaikkan isu ini ke mk adalah partai ...... . Janganlah bodoh jadi orang semua tau gibran diperebutkan banyak pihak,0,0,1,adya_llss,Bingun sama artis artis mereka padahal rata rata berpendidikan tinggi.. Tapi apa buta mata buta hati banyak dukung paslon yang punya wakil jalur MK dan curang 😢
adya_llss,"@leovolelyy siapa yg merebutkan gibran 😂 ngarang aja, bocah planga plongo, woy wowo paling telat daftar ke kpu, karena waktu undang2 sedang di ubah dalam proses,  01 dan 03 udah daftar sebelum seminggu penutupan, malah wowo yg paling telat karena nunggu gibran 😂 kocak punya TV engga, cek siapa yg paling terakhir daftar ke kpu nunggu wakil",0,0,1,adya_llss,Bingun sama artis artis mereka padahal rata rata berpendidikan tinggi.. Tapi apa buta mata buta hati banyak dukung paslon yang punya wakil jalur MK dan curang 😢
akungabbyy,@adya_llss coba lo telaah lagi bro ga mungkin tiba2 gibran diusung jadi cawapres kalo ga ada voting dari partai2 be smart lah minimal,0,0,1,adya_llss,Bingun sama artis artis mereka padahal rata rata berpendidikan tinggi.. Tapi apa buta mata buta hati banyak dukung paslon yang punya wakil jalur MK dan curang 😢
therealslimshadyback,"Iya tau itu hak, tapi apa y nggak mikir😂",0,0,1,adya_llss,Bingun sama artis artis mereka padahal rata rata berpendidikan tinggi.. Tapi apa buta mata buta hati banyak dukung paslon yang punya wakil jalur MK dan curang 😢
bebyila02,@therealslimshadyback emang nape masalah buat loh? Merasa paling bener aje lu,0,0,1,adya_llss,Bingun sama artis artis mereka padahal rata rata berpendidikan tinggi.. Tapi apa buta mata buta hati banyak dukung paslon yang punya wakil jalur MK dan curang 😢
therealslimshadyback,"Y emang gw bener. Emang lo udah tau lo salah, masih aja dianggap bener.😂",0,0,1,adya_llss,Bingun sama artis artis mereka padahal rata rata berpendidikan tinggi.. Tapi apa buta mata buta hati banyak dukung paslon yang punya wakil jalur MK dan curang 😢
bebyila02,"@therealslimshadyback lah emang salah memilih? Mata lo aja yg buta hati lu jg buta, suka2 orglah milih siapa, repot amet hidup lu, dasar manusia julid",0,0,1,adya_llss,Bingun sama artis artis mereka padahal rata rata berpendidikan tinggi.. Tapi apa buta mata buta hati banyak dukung paslon yang punya wakil jalur MK dan curang 😢
risna3dey,"@adya_llss curang dr mana bro, tunjukkan bukti dlu br ngomong curang, bs kena pidana lo pencemaran nama baek.",0,0,1,adya_llss,Bingun sama artis artis mereka padahal rata rata berpendidikan tinggi.. Tapi apa buta mata buta hati banyak dukung paslon yang punya wakil jalur MK dan curang 😢
fransiska_ikha_,Krass wazeng @fero_walandouw 🔥team gemoy🔥,0,0,0,,
sadamgani32,"Dulu ga suka pak prabowo,skraaaang ??! Insya Allah Anis lantiik RI 1",0,0,0,,
indahkiyowo0o,remon @ternana_nana,0,2,0,,
ternana_nana,@krispimosquito belom buka komen mu dah nyebut remon aku wkwkw,0,0,1,indahkiyowo0o,remon @ternana_nana
indahkiyowo0o,@ternana_nana wkwkkwkwkwkwk,0,0,1,indahkiyowo0o,remon @ternana_nana
evan_panjool,Sekarang jatahnya pak prabowo,0,0,0,,
dzintaamelia2,MANA NIH PENGIKUT ANGIN TIDAK PUNYA KTP🤣😭🙏🏻,0,0,0,,
andyajhis,,0,0,0,,
sella.krit,✌️✌️✌️,0,0,0,,
ramahgadgetstore_medan,"Sayangilah orang tua kita ini. Dia adalah salah satu putra terbaik bangsa ini. Dia sudah banyak berkorban untuk negri ini, harta, waktu, tenaga... Sudah saatnya dia menikmati hidupnya, berilah dia waktu istirahat. Lihat kelelahan di wajahnya. Kami sayang pak prabowo. 😍",0,0,0,,
nuralisahhhhhhhhh_,Kak vero berada di orang² yg tepat pilihan yg tepat 😍🔥,0,0,0,,
auliahanny01,Free pakestine🔥🔥🔥,0,0,0,,
mrrllh,Bapak saya pilih bapak. Probowo,0,0,0,,
rumahkado.id_srg,Aku padamuuuu bang ❤️❤️❤️❤️🔥🔥🔥🫰🫰,0,0,0,,
lahkataguagegitu,"Orang yang susah di nasehati :
1. Pemabuk
2. Penjudi
3. Perampok
4. Pemarah
5. Pendukung 01 & 03",0,0,0,,
uniizur,papa gemooyyy❤️❤️❤️❤️,0,0,0,,
_gigs_007,Komuk bp2 topi biru😢😢,0,0,0,,
hid17_,Team pengawal angin tanpa ktp mana nih,0,0,0,,
kusmiati_yetti,❤️😍🔥🔥🔥🔥,0,0,0,,
aminah_alidin,Prabowo presiden,0,0,0,,
ayu_prasetyaputri,❤️❤️❤️❤️❤️❤️❤️❤️,0,0,0,,
absjsjs__,Mantap kak @fero_walandouw 🔥❤️,0,0,0,,
graceamelia2,Salfok sama fero yg gantengnya ga ketolongggg,0,0,0,,
adelinlesarsela,🙏🙏✌️✌️❤️❤️,0,0,0,,
_fatahillaldin,Anak mudaa all in pak wowo🔥❤️🙌,0,0,0,,
regansabian,Pak tua - elpamas mp3😂,0,0,0,,
assyifalaili,Kunfayakun Pak Anies presiden 2024 ❤️,0,0,0,,
ersalinaalifah,Loe pilih Prabowo ..loe temen Gue😂,0,0,0,,
arf_s9901,Gue cuma heran ama 01 tema perubahan tapi yang di lanjutkan lebih banyak trus perubahan apa yang di maksud rubah janji kalo mau selesai jabatan ahlinya pak anis sih😂satu rubah yang deket” jdi kabinet 😂,0,0,0,,
febnoyanti,Prabowo Gibran InsyaAllah,0,0,0,,
n.vianni_,oke gas oke gas❤️❤️❤️,0,0,0,,
abracx,Lopeeee❤️,2,0,0,,
ebookdigitalindonesia,"Pak Anis tolong jangan dihakimi ya gaes, selagi pak anis ga memakan ternak warga biarkan saja karna primata ini sudah mulai langka 🙏",0,0,0,,
febry_1220,"Cinta pak Prabowo, cinta fero juga❤️❤️ all in pak Prabowo ✌️✌️",0,0,0,,
mio_dash,Mantappp,0,0,0,,
inimahorgg123,✌🏻,0,0,0,,
teori.murka79,Ada prabowo aku suka ❤️,4,0,0,,
bebeth_margareita,Tuama🔥🔥 Prabowo Gibran satu putaran✌🏻,0,0,0,,
kertarahayuvibes,Love you,0,0,0,,
x_nrfj,"ini yang katanya cuman 125 orang itu ya di TT paslon lain😂, lah rame begini",0,0,0,,
klatenbersinar2023,Kalah lg boy😂😂,0,0,0,,
arpaillambau,"Yah gimana yah.
1. Bukan mempermasalahkan Kinerja Kemenhan.
Mestinya turun jabatan dulu dari Kemenhan sebelum mencalonkan, tapi beliau jalan terus.
2. Kemarin kita ALL OUT karena beliau Oposisi, tapi kecewa sejak beliau bergabung di Kabinet bersama Petahana. Enggak ada yang Kritis kepada kebijakan Pemerintah.
3. Plus sudah jelas ""Hasil Putusan Dewan Kehormatan MK"" bahwa Ketua MK Bersalah, tapi cawapresnya enggak di ganti.
#SalamWaras
#MariBelajarNepotisme
#TrustIssue
#PlayingVictim #KitaKecewa",2,0,0,,
al_wahid999,Bangsa yang besar adalah bangsa yang menghormati para pahlawannya tetap All in Prabowo Subianto presiden 2024✌️🇮🇩🇮🇩🇮🇩🇮🇩,0,0,0,,
imam_santoso_08,🔥🔥🔥🔥🔥🔥🔥,0,0,0,,
lily_alhakim,❤️❤️❤️🔥🔥🔥,0,0,0,,
odinzonn,Dukung Prabowo auto fllw,0,0,0,,
ai_sugawa,❤️❤️👏👏 ❤️ PRABOWO-GIBRAN ✌️,0,0,0,,
eiken_n_,"@fero_walandouw Salam 2 ✌🏻 Kawan, #menangsatuputaran✌️✌️🇲🇨🇲🇨 @prabowo @gerindra @prabowogibran2024",0,0,0,,
mamahyrafdan,😍😍 pak Prabowo ❤️🤗,0,0,0,,
cinda.nento,Like,0,0,0,,
riztnahla,Klo yg NYAPRES Fero gw dukung 🔥 klo PS sorry Yeee SEREM EMOSIAN.,0,0,0,,
wisnu.setia02,GANJAR 🤟,0,0,0,,
zee_5869,PERUBAHAN ITS COMING,0,0,0,,
zee_5869,AMIN PILIHANKU🔥,0,0,0,,
zee_5869,Anis RI 1🔥,0,0,0,,
zee_5869,ANIS PRESIDENKU 🔥,0,0,0,,
yahya.ubaid,Anis imin,9,2,0,,
wanna_200917,@yahya.ubaid jadi RT RW,1,0,1,yahya.ubaid,Anis imin
xssrlwy,@yahya.ubaid jadi sales,0,0,1,yahya.ubaid,Anis imin
dunia_fana18,Amin 01❤️😍,0,0,0,,
nabil.marentin,mantap bg ferow and my president❤️,0,0,0,,
tpk_maulana,orang pintar dan cerdas itu pensiunan bukan PECATAN menteri yang gak becus kerja!!!yang bentar lagi otw baju OREN😂,2,1,0,,
dunia_fana18,"@tpk_maulana fitnah goblok😂,lihat fakta dong jangan cuma bisa fitnah,oiya lupa kamu kan SDM rendah ngk akan paham walau dikasih fakta akurat pun🤪",0,0,1,tpk_maulana,orang pintar dan cerdas itu pensiunan bukan PECATAN menteri yang gak becus kerja!!!yang bentar lagi otw baju OREN😂
agusmuslimmm,🔥🔥🔥🔥🔥🔥🔥,0,0,0,,
ifhaali,❤️,0,0,0,,
anggraenaputtri,02❤️❤️,0,0,0,,
aulya4171,"Bapak ku ttep juaranya jangaan lupa ya temen""  urutan nomor 2 ttp yang terbaik 👍💯",0,0,0,,
bella.ndy77,"Dlu bpk waktu muda segnteng fero,skrang jadi gemoy😍",0,0,0,,
ibta_silviani,Sesuai bulan pemilu 02,0,0,0,,
tgddanir,Amin,0,0,0,,
dianaptrnr,"tayanggg kita samaaan, Gemoy teaamm❤️❤️❤️",0,0,0,,
intannsuciii_,✌️,0,0,0,,
bundayane,Tteh pak prabowo pilih an ku,0,0,0,,
r.ar02diansyah,Pemeran Sinetron,0,0,0,,
_haseo24,AMin aja dulu 👏🔥,0,0,0,,
daff_m0rales,Ananta,0,0,0,,
tata_raoda,Alhamdulillah Prabowo selalu di Hati... NKRI harga mati 🤲❤💪🇮🇩,0,0,0,,
zee.rch,"Ka Fero emang Cerdass ❤️ Udah Ganteng , Smart ❤️ 02 Dua Periode @fero_walandouw",0,0,0,,
ainunjariiahh,Duo tamvan❤️❤️❤️❤️,0,0,0,,
smssolikhah,Love ❤️❤️❤️,0,0,0,,
sandrakaunang_,Tuama Minahasa Prabowo💝 ✌️✌️🤗🔥🔥🔥,0,0,0,,
julian_muhammd,love sekebon,0,0,0,,
unaeya,"Kalau prabowo menang, artis semua jadi manteri🔥🔥🔥🔥",0,0,0,,
emaa_a2002,Gogogo pak Prabowo Gemoy 😍,0,0,0,,
mangarya.aa_,Pendukung anis pasti nya otak batu “ yg dukung like “,0,0,0,,
mhranikuu,MENANG SATU PUTARAN @prabowo,0,0,0,,
anisah9155,01,0,0,0,,
didi26.sd,🔥🔥🔥,0,0,0,,
rhanie_pesek,@uap_duniawi sg jenenge fero kabeh prabowo 😂,0,0,0,,
agniirani,🥰🫶🏻,0,0,0,,
acong_danoners,✌✌,0,0,0,,
oktapradana12,Prabowo 🔥,0,0,0,,
yusriutamirumota,✌🏻❤️,0,0,0,,
sucirahmadany98,All In Prabowo❤️🔥🔥,0,0,0,,
vta3625,👏👏👏❤️❤️ Prabowo Subianto,0,0,0,,
gaulbnt09,"Banyak banget yg mengolok Prabowo pasca debat kemarin, pdhl yg lebih parah dari prabowo banyak.
Contohnya pendukungnya prabowo.
Ini buktinya 👇😂🤭
Prabowo Ga bisa jawab pertanyaan dibilang sabar dan tulus.
Suka ungkit jasanya pada orang lain dibilang paling ikhlas.
Ikut pilpres sdh 4 kali dibilang pengabdian, 
Ga bisa bantah data, dibilang jaga rahasia negara.
Suka bicara kasar goblok, tolol ndasmu dll, dibilang tegas.
Suka marah2 dibilang gemoy.
Suka merendahkan orang lain dibilang politik riang gembira.
Harta 2T ngaku ga punya apa2 dibilang jujur.
Menculik dibilang tugas negara.
Suka ga datang diacara diskusi dibilang berani dan bernyali.
Menteri pertahanan kalah debat soal pertahanan dibilang berkorban.
Beri penilaian kinerja Menhan, dibilang membully.",0,0,0,,
gaulbnt09,"Banyak banget yg mengolok Prabowo pasca debat kemarin, pdhl yg lebih parah dari prabowo banyak.
Contohnya pendukungnya prabowo.
Ini buktinya 👇😂🤭
Prabowo Ga bisa jawab pertanyaan dibilang sabar dan tulus.
Suka ungkit jasanya pada orang lain dibilang paling ikhlas.
Ikut pilpres sdh 4 kali dibilang pengabdian, 
Ga bisa bantah data, dibilang jaga rahasia negara.
Suka bicara kasar goblok, tolol ndasmu dll, dibilang tegas.
Suka marah2 dibilang gemoy.
Suka merendahkan orang lain dibilang politik riang gembira.
Harta 2T ngaku ga punya apa2 dibilang jujur.
Menculik dibilang tugas negara.
Suka ga datang diacara diskusi dibilang berani dan bernyali.
Menteri pertahanan kalah debat soal pertahanan dibilang berkorban.
Beri penilaian kinerja Menhan, dibilang membully.",0,0,0,,
sitorus_harapan,🤟🤟🤟,0,0,0,,
mhdabdul13,ALL IN PRABOWO GIBRAN JADI KADES❤️,0,0,0,,
_rrranti,Semakin mendukung pak Anies ☝️,0,0,0,,
aivlescitra,Mantap papi gemoy😍,0,0,0,,
umi_4378,Teteo 01 pak anies❤️,0,0,0,,
syahputra_darmawan,ALL IN PRABOWO-GIBRAN 💞💞💞🔥🔥🔥✌️✌️✌️,0,0,0,,
rrrmy_umaratu,Orng pintar pasti pilih no 2🔥🔥,0,0,0,,
joyful_innooo,Gue fllw Luh bang karna Luh Al in Prabowo,0,0,0,,
luh_krisnaningsih,Wow pak prabowo didampingi cowok ganteng,0,0,0,,
aura_hesti,Minahasa pride Prabowo #okegas02,0,0,0,,
khomsunubaidillah,✌,0,0,0,,
shani_susanti,Langsung unfollow sory yeh,0,0,0,,
v_er_jun,Prabowo dan Gibran 2024 ✌🇮🇩,0,0,0,,
adryanemanpratama,Semua dukung Prabowo,0,0,0,,
pehul_supiandi96,Prabowo presiden 🔥🔥🔥,0,0,0,,
aaaspcr_12,All in Prabowo,0,0,0,,
febbym.s,Bener kata pak Ridwan kamil 🔥,0,0,0,,
xxoneccc__,😍😍😍😍,0,0,0,,
venyuliana_94,Prabowo semangat❤️,0,0,0,,
fauziah10760,All in prabowo ganjar✌️,0,0,0,,
handoyo0316,Amin aja dulu,0,0,0,,
buddy23872,✌🏻✌🏻✌🏻✌🏻✌🏻,0,0,0,,
al_gala_ahmad,"All in , bismillah tanah 2 hektar",0,0,0,,
rhimanrml,✌️✌️✌️✌️✌️✌️✌️✌️🩵🩵🩵🩵,0,0,0,,
rosyadhawalia,@rahma.ads @indofo.od  klambi abang sng gowo topi sak klebatan koyok memeddd,0,0,0,,
gus_pratama__,UHUY🔥🔥🔥,0,0,0,,
pandaansneakers,Keren banget kak ❤️. Yuk cek ig kita ada promo end year sale  buy 1 get 1 sepatu n sandal,1,0,0,,
fefitiyann_,😍,0,0,0,,
marnidilla,❤️❤️❤️❤️❤️❤️✌️,0,0,0,,
agung_sriono24,"Berbeda pilihan hal biasa,persaudaraan no 1 kalau Presiden no 2✌️🤘",0,0,0,,
agung_sriono24,🤘,0,0,0,,
milaindria75,Gemoy ❤️❤️❤️❤️❤️❤️❤️❤️❤️❤️,0,0,0,,
jovanrock,🙏Cek yang ALL IN PRABOWO DONGG 💯%✌️😁👉,2,0,0,,
randisaputra888,Ayo bersatu mendukung bpk Prabowo Gibran 🫰🫰🫰🫰🫰 bpk Prabowo Gibran presiden.q di 2024 Amin 🤲🤲🤲🫰🫰🫰🫰🫰🫰🫰🫶🫶🫶🫶🫶,0,0,0,,
noviacaramoey,Aku padamuuuu ❤️😍 pa @prabowo,0,0,0,,
bentto7151,GA NGARUH...02 WAJIB TERJUNGKAL FEBRUARI NANTI 🔥🔥,0,0,0,,
revasabr,heran aja kalo ada anak muda yg seharusnya bs lbh berfikir rasional milih calon pemimpin yg emosinya ga stabil..pemimpin (apalagi level nasional) harus memiliki EQ yg baik krn hrs bisa mengambil keputusan atau kebijakan dlm situasi normal maupun genting..bkn yg kgs kesulut emosinya,0,0,0,,
ahmadfauzanalghifary,❤️❤️❤️,0,0,0,,
mbek_wedus,Inspirasi???,0,0,0,,
nasratinasrati,Aku cinta prabowo ❤️❤️❤️❤️,0,0,0,,
hafiz.az2,All in Prabowo🙌,0,0,0,,
safirasangkop_16,All in Prabowo gibran 👏🙌,0,0,0,,
varnessa_16,Al in Prabowo 💗💗💗💗,0,0,0,,
daniel_thebaylampung,✌️✌️,0,0,0,,
iyudnasution,endors,0,0,0,,
firdaus67644,"Siapa pun terpilih jdi presiden, kita hars dukung,jgn saling propokasi,krn beliau2 ini memng luar biasa , beliau2 ini ingin mensejahterakn Negara kita supya maju,Aman sentausa",0,0,0,,
yundamustikasari,❤️❤️,2,0,0,,
zhishu_putry_taiwan,❤️❤️02,0,0,0,,
adelyaaapt,aku padamuuu🤍,0,0,0,,
arippermana89,"Sambut keberlanjutan dengan memberikan suara untuk Pak Gemoy dan Samsul di 2024! Bersama, kita bisa menghadirkan kepemimpinan yang inovatif dan berfokus pada kesejahteraan rakyat. Mari bergandengan tangan menuju masa depan yang lebih baik untuk semua. Suara Anda adalah langkah awal menuju  yang positif! #allinprabowo",0,0,0,,
ajiebhusein,Jateng all in prabowo ✌️✌️✌️❤️❤️,0,0,0,,
kel_len6,all in prabowo ✌️,0,0,0,,
oktapiani_6,Bismillahirrahmanirrahim ya bapak  gemoyyy❤️❤️❤️❤️🙌🙌🔥,0,0,0,,
diani5674,Prabowo n 2,0,0,0,,
rafiyanda_,Sehat trus pak Prabowo ❤️,0,0,0,,
hella_adjah,ALL IN PRABOWO ❤️,0,0,0,,
ghalia6939,BPK gemoy ❤️❤️❤️,0,0,0,,
harma_af,Gemoykuuu,0,0,0,,
_adongg_,apapun prabowo pasti gue like,0,0,0,,
riyanpujasasmita,Lord bobon 🔥🔥,0,0,0,,
korpsnetizen,JANGAN PILIH PRABOWO!!,0,0,0,,
aniisa_jann,Bapak Prabowo selalu dihati❤️🔥,0,0,0,,
ismail_slh,❤️❤️❤️,0,0,0,,
iskand_96,All in....02🔥🔥🔥🔥🔥,0,0,0,,
i.niniktri,Si bro kok neng kene bu de... @susi_naura_rudiana,0,1,0,,
susi_naura_rudiana,@i.niniktri oleh undangan VIP jare te 🤣,0,0,1,i.niniktri,Si bro kok neng kene bu de... @susi_naura_rudiana
epafras_blegur,Pendukung Prabowo Memang yang positif semua,0,0,0,,
rmadhn_21a,Lu Prabowo Subianto gw follow lu bang @fero_walandouw,0,0,0,,
nonnaendah,Postingan apapun yang ada Prabowonya gw like ❤️❤️,0,0,0,,
gde_intaran_gragas,Ciri2 persos saat jolowi akan menang....,0,0,0,,
uki_awan15,mantaapppp❤️,0,0,0,,
_andrekurniawan,👏,0,0,0,,
macalawera19,No 2 yesss✌️,0,0,0,,
indyode__,@prabowo presiden NKRI❤️❤️❤️,0,0,0,,
kulohanifalazhar,keren 🔥,0,0,0,,
ad1r4a,Prabowo 🔥🔥,0,0,0,,
weslyand_,anak muda all in prabowo🔥,0,0,0,,
mechut18,Mantap…. Tuama minahasa 🔥🔥🔥,0,0,0,,
mrclhtb,Team 2 jari ✌🔥,0,0,0,,
august_ziliwu,Ada ananta 😂,0,0,0,,
riss_sayuna,Prabowo❤️,0,0,0,,
rndimsum,😍❤️,0,0,0,,
dadan_gee2085,❤️✌,0,0,0,,
teukujohny_iskandar.s.t,Kok mirip mukanya sama Prabowo 😂😂😂,0,0,0,,
nurkholifah42758,PRABOWO GIBRAN ❤️✌️,0,0,0,,
sherly.lestarii,🫶🏻🫶🏻🫶🏻🫰🏻🫰🏻🫰🏻🫰🏻✌🏻✌🏻✌🏻✌🏻,0,0,0,,
mr_ode95,02❤️❤️❤️❤️❤️,0,0,0,,
vhira_y,Yg milih pak prabowo berkelas smua ya,0,0,0,,
ud_zen_all_karya,Cuman omon2 gak ada prestasinya,0,0,0,,
aldowrtm,2024 TETAP PRABOWO GIBRAN 🙌🙌,0,0,0,,
bianabia9,All in prabowo,0,0,0,,
siti.rahma.17,"Semua artis bondong2 milih 02,hati dan matanya sudah buta x ya. Dgn menjadikan gibran wakil itu saja sudah salah tapi membiarkan itu terjadi.",0,0,0,,
ndsfrzhr,💙💙💙💙💙💙,0,0,0,,
nurlayla_lyla,🤘❤️‍🩹,0,0,0,,
thenextowelz,❤️❤️,0,0,0,,
supritang2022,TAIWAN ALL IN PAK PRABOWO MAS GIBRAN❤️❤️❤️,0,0,0,,
jowo_palsu,Apa aja saya like yang penting Prabowo,0,0,0,,
bennyhan88,Amin1,0,0,0,,
wdl_ltr,prabowo❤️❤️❤️,0,0,0,,
daily_staycation,Kak Fero ❤️,0,0,0,,
junior_trimunanda,ALL IN PRABOWO ✌️🔥,27,0,0,,
nunna.echi,Paling ganteng,0,0,0,,
satriawalker_28,🔥🔥🔥,0,0,0,,
gea.alencia_,😍😍😍,0,0,0,,
sansandi_hadian,🔥👏,0,0,0,,
nandairwans24,All in prabowo kau bang,0,0,0,,
irma_haryum_,All in Prabowo and Gibran ❤️❤️❤️,0,0,0,,
kbn4647,"Dukung penguasahaa rezim orde Baru Prabowo Subianto berkuasa kembali .. kita butuh sosok pemimpin yang arogan, otoriter, dan diktator untuk menyelamatkan Indonesia dari ancaman dunia",0,0,0,,
angga.sudibyo,ALL in PRABOWO GIBRAN.....🔥🔥🔥👏👏👏,0,0,0,,
yolandaahakim,❤️❤️,0,0,0,,
nomo_enam,luv pak wowo😍😍😍😍,0,0,0,,
deakristack,❤️❤️❤️❤️,0,0,0,,
lokeramboncom,Jika hanya ada 1 suara di Ambon dalam Pemilihan nanti. Maka itulah Saya Pak @prabowo ✌️,13,0,0,,
lusianavinasari,All in Prabowo -Gibran,0,0,0,,
ardiansah1927,Anis dan pak ganjar emang terbukti merakyat.. jadi biarkan mereka berdua tetap jadi rakyat... All in prabowo gibran 🔥🔥🔥,0,0,0,,
yu.gungun,MANTAP DUKUNG PRABOWO ❤️❤️❤️❤️❤️,0,0,0,,
heru_setiadi_,Anies,0,0,0,,
edimissyu,Manado 1 putaran prabowo gibran,0,0,0,,
syandri0793,Wuih seganteng fero walandou jg dukung pak prabowo...masa qt engga...ayo dukung donk😍😍😍,0,0,0,,
anddiara_,Yg punya akal Sehat All In Prabowo- Gibran💪💪💪,0,0,0,,
khanza_jihan87,Dana nya makan gratis darimana ya?? Smoga bukan dari rakyat,0,0,0,,
napot.topan,Cuma pak Prabowo yg merangkul Rakyat nya insya Allah kalau beliau jadi presiden Indonesia pasti berubah,0,0,0,,
maiacheryl,😍❤️❤️❤️❤️❤️❤️,0,0,0,,
sayavio__,All in Prabowo sii,0,0,0,,
wsumpit,Abang Fero 😍,0,0,0,,
qia_setyawan,Beli sawo sambil bercermin.. Dulu PRABOWO sekarang AMIN.. 🔥🔥,0,0,0,,
njaz_____,✌️,0,0,0,,
yn_veronica,Presiden gw nih,0,0,0,,
jodymojoe,All in Bj Habibie,0,0,0,,
__armindd,"Tetap 03, lebih berpengalaman",0,0,0,,
heri.setiawan08,🔥🔥✌️✌️,0,0,0,,
sellyys__,AL IN PRABOWO,0,0,0,,
fitri.ijoo,Ttp setia dr dlu bpk Prabowo NKRI harga mati guys 😍😍GK da lawan pokonya,0,0,0,,
yasaqonita,Like pak Prabowo saya slalu dukung,0,0,0,,
nkapparelsports,BISMILLAH DENGAN IZIN ALLAH SWT TUHAN SEMESTA ALAM PASANGAN AMIN MENANG AAMIIN,0,0,0,,
ceppysupriadi9498,prabowo gibran joss,0,0,0,,
tatimandaaa,Makin Mantap Pilih nomer 2 All in Prabowo Loveeeee❤️❤️❤️❤️❤️❤️❤️,26,0,0,,
barakatbnjr,الله يوفقكم يسعدكم يارب وا طولت العمر Prabowo Gibran ✌️✌️✌️✌️✌️✌️🫰🫰🫰🫰🫰,0,0,0,,
dwinka.altatum,😍,0,0,0,,
ella_laaalaa,😍kayaknya menang nih si gemoy,0,0,0,,
lautnergouw,"Apapun urusan nya masalah nya , kami pengikut pak prabowo",0,0,0,,
lenycarlina,Prabowo ❤️🇮🇩,0,0,0,,
tuan_ldw,Tuama tle🔥🔥✌️🫡,0,0,0,,
dangketz,Satu  Putaran 🇲🇨 ❤️ ✌️,0,0,0,,
agungoxerilla,presiden 2024,3,0,0,,
putrii_pspt11,✌✌✌✌❤️❤️❤️,0,0,0,,
ayu_jesyln,❤️❤️❤️✌✌✌,0,0,0,,
lutfi21___,🤙,0,0,0,,
yasnoie23,Mantap mas ganteng @fero_walandouw,0,0,0,,
beng.s20,pasti menang gak nih😍,0,0,0,,
inicc___,Aku sangat sayang sama pak gemoyyy🥰✌️,0,0,0,,
luluyaa__,❤️❤️❤️❤️,0,0,0,,
airany.zh,"ALASAN KENAPA HARUS DUKUNG PRABOWO GIBRAN jadi PRESIDEN 2024 HIJRIAH
1. Melanggar kode etik MK
2. Bikin narasi Pak Anis berkhianat, padahal dia yg berkhianat pada pendukungnya di pilpres 2019 dengan tidak betah di oposisi
3. Ga jago ngomong, debat banyak diem, kinerja lempem
4. Food estate gagal, merusak lingkungan
5. Penyimpangan alutsista, PT PMI, ordal
6. Gemoy + emosi, gemoysian
7. ANTI kritik, habis debat menutup semua pertanyaan dari wartawan
8. Tidak berani berdialog dengan rakyat, bayangin aja kalau jadi presiden suara kita bakal dibungkam
9. Program tidak realistis, ya kali makan siang gratis 400 M/hari, mau nambahin utang negara lagi
10. Udah tua, Indonesia luas cuy, ga kuat tenaganya, udah waktu nya pensiun kali ah",0,0,0,,
secrettmeong_,Yang pendukung @prabowo rata2 kenapa berkelas semua ya❤️,24,1,0,,
xssrlwy,"masing2 paslon pasti ada kok, tapi pak prabowo paling istimewa🤍✌🏼",1,0,1,secrettmeong_,Yang pendukung @prabowo rata2 kenapa berkelas semua ya❤️
ciggarete_after_alone,ALL IN PRABOWO GIBRAN🔥🔥🔥,0,0,0,,
ciggarete_after_alone,ALL IN PRABOWO GIBRAN🔥🔥🔥,0,0,0,,
da5.sridevi_,✌🏻🔥,0,0,0,,
da5.sridevi_,✌🏻🔥,0,0,0,,
da5.sridevi_,✌🏻,0,0,0,,
maassajii,✌✌✌✌✌✌✌🔥🔥🔥🔥,0,0,0,,
lestary_a961,Pak gemoyy❤️❤️,0,0,0,,
bertoobepa,✌️✌️🔥🔥🔥,0,0,0,,
darma_setiawan87,✌✌✌✌✌✌,0,0,0,,
dapurmamahkenzie23,🔥🔥👏👏,0,0,0,,
azalea_nandira,krennn😍,0,0,0,,
santoramadan25,TETAP PRABOWO🔥🔥,0,0,0,,
slesta07,All in prabowo,0,0,0,,
inikejujuran,Kayaknya pak Anies sudah lama menahan diri dibully terus..semalam meledak....semoga sehat terus pak Anies,0,0,0,,
sei_nyaku,Kawal BPK Prabowo sampai akhir ✌️❤️❤️❤️❤️❤️,0,0,0,,
kevin.r.l,Tou Minahasa,0,0,0,,
almeerajennahakimi,Saya gunakan Hak Pilih saya untuk mencoblos @prabowo @prabowogibran  @gibran_rakabuming,0,0,0,,
asepwahyudin2607,❤️,0,0,0,,
septiandwicahya07,❤️,0,0,0,,
chusme_sair,prabowo 02 selalu d hati,0,0,0,,
apriaiswara_19,Gasss Prabowo Gibran Presiden RI 2024🔥🔥🔥,0,0,0,,
misbakhul_asror,Hormat jendral,0,0,0,,
ismail.436567,✌️,0,0,0,,
anwar_batam,Nice  bro🔥✌,0,0,0,,
poluakankiki,TUAMA MINAHASA PRIDE🔥🔥🔥,0,0,0,,
mutiaraasha_,All in prabowo🔥❤️❤️,0,0,0,,
aalya.fda_,"Ganjar menilai dengan angka (5) 
Anis menilai dengan angka (11) 
Surah ke 5 ayat:11 
Wahai orang-orang yg beriman ingatlah nikmat Allah (yg dianugerahkan) kepadamu ketika suatu kaum bermaksud hendak menyerang dengan tangannya, lalu dia Manahan tangan (mencegah) mereka dari kamu. Bertakwalah kepada Allah dan hanya kepada Allah lah hendak nya orang-orang mukmin bertawakal.",0,0,0,,
keirakitty,Artis bnyk nya temen ank nya pa de,0,0,0,,
serwutyanan97,All in Pragib 🔥🔥❤️,0,0,0,,
tatomaryoto,Mantab pokoknya no 2,0,0,0,,
jsfn06,Beruntung bngt bisa poto bareng,0,0,0,,
ayu_kurnianing,Love you pak semangat,0,0,0,,
shofiwedding,😍,0,0,0,,
kh_ienaynay,❤️,0,0,0,,
darmawati97._,❤️❤️❤️,0,0,0,,
mic_wa09,TUAMA.... I Yayat U Santi 💪🔥🔥🔥,0,0,0,,
dimsaikwa,❤️❤️❤️✌️,0,0,0,,
tristanokhenzo,Prabowo Gibran yessss,0,0,0,,
jahraamlp_,❤️❤️❤️,0,0,0,,
dorothyratuan,@randy.182 baru ngeh om mirip fero ternyata 😂😮,3,2,0,,
randy.182,@dorothyratuan hahaahaha sticker anjg dengn tangan tos,0,0,1,dorothyratuan,@randy.182 baru ngeh om mirip fero ternyata 😂😮
dorothyratuan,@randy.182 HAHAHAHAHA stiker cipung yg weeekkkk,0,0,1,dorothyratuan,@randy.182 baru ngeh om mirip fero ternyata 😂😮
iyangdamara_01,Siapapun yg dukung prabowo langsung sya follow,0,0,0,,
rfly666_,@prabowo kpn ke pare pak,0,0,0,,
rioandespa7,"All in prabowo juga bang,salam dari Palembang",0,0,0,,
nk_hasturi30,✌🏻🫶🫶,0,0,0,,
__superwann,Bismillah Prabowo yng jadi presiden aminn,0,0,0,,
pppanghoon,"Karir, bakat, & usaha stuck SAAT SEPONG REZIM",0,0,0,,
dunyalyfe,Penjilat,0,0,0,,
beabletobebebi,Jijik,0,0,0,,
dindotyy,jorok,0,0,0,,
reni.jhjk,ohhh pantess di kasih jabatan 😂😂😂😂😂 @prabowo  ada yg lebih kompeten yg sesuai bidangnya  mlh artis yg cuma filem cinta2an 😂😂😂 Baduttnya negara @fero_walandouw  minimalll mikirr upah jdi  bazzer😂😂 gk ush skolah tinggi2 cukup jdi org dongo menjilattt  ya gak? @merryraffiahmad,2,0,0,,
elve_aceh,Pengetikan handal untuk semua kebutuhan Anda! Dokumen akurat dan cepat. Hubungi kami sekarang!,0,0,0,,
storymylstory,Semangat bapak prabowo ❤️,0,0,0,,
pinky_yansi,Gara2 liat ini qta klik ikuti di ig 😆 makin yakin dgn no 2 mantap @fero_walandouw 😇😇,0,0,0,,
mhddicky69,Pasti menang,0,0,0,,
davidsonkarokaro,"Di Amerika saja sdh pd nyesal pilih presiden yg tua, pikun, sering tdk fokus.
Masa rakyat Indonesia mau pilih yg emosian, tdk fokus, suka berkelit",0,0,0,,
fadzar_firdaus,❤️,0,0,0,,
sarlan_ir,Sintang Gasssss Polllllll Prabowo-Gibran🔥🔥,0,0,0,,
resyahnabilla_makeup,Tahun ini tahun kepemimpinan Prabowo ✌️,0,0,0,,
yeyetwijaya23,Lakukan yg terbaik untuk negri ini ga usah kepancing emosi  Anda pasti bisa jd yg terbaik Jendral,0,0,0,,
mn_imania,🔥🔥,0,0,0,,
ipeyinsani,All in prabowo,0,0,0,,
ndar_maxclean,02,0,0,0,,
calvarez.adrian,PRABOWO GIBRAN ✌️🔥,0,0,0,,
lhi_wnk,Sang Nahkoda 2024 💙,0,0,0,,
khns_hmira,Pak prabowo❤️🔥02,0,0,0,,
radenayieg,Sehat selalu jendral ku 🥰✌,0,0,0,,
gestunbynda,ALL IN PRABOWO🥰🤗 selalu di hati sehat sehat bapa,0,0,0,,
lumatauwfranky,YESSS 02 MANTAAAP 👏👏🔥🔥❤️,0,0,0,,
dadoricky12,ANIS AMIN PRESIDEN 🇮🇩,0,0,0,,
andriigunawannn,Anies bizer x ganjar bizer pendongeng handal🔥🤣,0,0,0,,
ddsfit3,"BUAH SAWO DI MAKAN LURAH,GUA MAH PRABOWO LU MAH TERSERAH 🔥",105,3,0,,
meidy_na05,@dedesafitri26 cakep 😁✌️,1,0,1,ddsfit3,"BUAH SAWO DI MAKAN LURAH,GUA MAH PRABOWO LU MAH TERSERAH 🔥"
lintangsd,"@dedesafitri26 pak lurah makan sawo, terserah lu dah gua mah prabowo 😂😂",0,0,1,ddsfit3,"BUAH SAWO DI MAKAN LURAH,GUA MAH PRABOWO LU MAH TERSERAH 🔥"
iwan.rakerie,@dedesafitri26 kelasss🔥🔥,0,0,1,ddsfit3,"BUAH SAWO DI MAKAN LURAH,GUA MAH PRABOWO LU MAH TERSERAH 🔥"
andriigunawannn,ALL IN PRABOWO GIBRAN,0,0,0,,
vebi_220216,BPK Prabowo tetap di hati,0,0,0,,
riyotrompies,02,0,0,0,,
hkr.2512dan,PRABOWO-GIBRAN✌🔥🔥🔥,0,0,0,,
ekyrizal,Seorang menteri lulusan terbaik Fort Bragg dinilai 11/100 oleh menteri yg di pecat 👍🏻,2,0,0,,
queenza_zoe,Garis keras pak prabowo nih ❤️😍,0,0,0,,
junaedyy.21,Sendal swallo masih ttp terbaik😁💪,0,0,0,,
smartlivingwithnasar,All in PrabowoGibran ✌🏻,157,0,0,,
chumii_adrianpradipta22,Prabowo gibran 👏👏👏,0,0,0,,
ellya891,Salam ✌️,0,0,0,,
heskywowor,Tolak pelanggar HAM 🥀,0,0,0,,
linamoonru,❤️,0,0,0,,
waseng_26,Satu putaran untuk kemenangan Bapak Prabowo Subianto dan Pak Gibran✌ 👌👍✊🇮🇩,0,0,0,,
7adiaqsha,mantappp bangg ✌️,0,0,0,,
nurikadatin11,Bapak Prabowo - Gibran Presiden 2024🤲Allahumma sholli ala sayyidina Muhammad wa ala ali sayyidina Muhammad🤲,0,0,0,,
yani_yanek3,Lu prabowo gue follow,0,0,0,,
herman_berneo01,Saya pilih Bapak Prabowo Subianto 😍❤️,0,0,0,,
la_mindra,"Semangat pak, tetapi kami tetap AMIN",0,0,0,,
rizalsetiawan94,Bissmillah All In Pak Prabowo.,0,0,0,,
nandodiego_,Prabowo gibran 🫡✌️💜😎,0,0,0,,
jer.ry9887,✌️✌️✌️,0,0,0,,
rindualam751,Saya semakin yakin Prabowo menangg🔥🔥🔥🔥🔥,0,0,0,,
see_frzzzzzzz,"Pantaskah seorang yg mencintaipi kekayaan seseorang kemudian menyinyirinya dan enggan berterima kasih? Pantaskah dia berbicara soal etik?? Pantaskah dia bicara soal pesawat bekas, pak Prabowo memesan yg bekas untuk menutupi kekosongan karna sebagian pesawat udah pensiun, memsan yg baru itu datangnya tidak singkat, itu membutuhkan waktu yg lama bertahun"" pantaskah membeberkan rahasia negara ditempat umum?? PANTASKAH?? ingat mass, percuma ijazah setinggi langit dan penghargaan segunung kalau atitud gk ada, banyak yg bilang pak Prabowo berambisi jadi presiden karena gagal 2 kali, tapi untuk malam ini membuktikan anislah yg sangat berambisi, sakit banget gk sih dikhianati lalu dicecar , sy aja yg menyaksikan syg sakit hati , bagaimana jika yg merasakan, sy akui dari dulu sy sgt suka dgn pak anis sy respect dan senang dgn pak anis, tapi untuk saat ini sy akui kalau dulu sy pernah bodoh menilai seseorang, TERIMAKASIH.!!",76,14,0,,
syarifsyarif4752,"@see_frzzzzzzz 2kali Prabowo nyapres gak pernah gue milih beliau.. beliau terlalu arogan.. tp setelah diya mau jadi pembantunya Jokowi,,aku malah respect ma pak Wowo.. ternyata setulus tu cintanya kepada Indonesia",16,0,1,see_frzzzzzzz,"Pantaskah seorang yg mencintaipi kekayaan seseorang kemudian menyinyirinya dan enggan berterima kasih? Pantaskah dia berbicara soal etik?? Pantaskah dia bicara soal pesawat bekas, pak Prabowo memesan yg bekas untuk menutupi kekosongan karna sebagian pesawat udah pensiun, memsan yg baru itu datangnya tidak singkat, itu membutuhkan waktu yg lama bertahun"" pantaskah membeberkan rahasia negara ditempat umum?? PANTASKAH?? ingat mass, percuma ijazah setinggi langit dan penghargaan segunung kalau atitud gk ada, banyak yg bilang pak Prabowo berambisi jadi presiden karena gagal 2 kali, tapi untuk malam ini membuktikan anislah yg sangat berambisi, sakit banget gk sih dikhianati lalu dicecar , sy aja yg menyaksikan syg sakit hati , bagaimana jika yg merasakan, sy akui dari dulu sy sgt suka dgn pak anis sy respect dan senang dgn pak anis, tapi untuk saat ini sy akui kalau dulu sy pernah bodoh menilai seseorang, TERIMAKASIH.!!"
bagoes_stwn28,@see_frzzzzzzz yang kelihatannya tegas galak dan berwibawa. justru malah lebih royal lebih merakyat dan rendah hati.. tidak seperti pak G dan Pak A yang kelihatannya agamis membawa² agama dalam ber politik eh mulutnya malah serigala berbulu domba🤦,11,0,1,see_frzzzzzzz,"Pantaskah seorang yg mencintaipi kekayaan seseorang kemudian menyinyirinya dan enggan berterima kasih? Pantaskah dia berbicara soal etik?? Pantaskah dia bicara soal pesawat bekas, pak Prabowo memesan yg bekas untuk menutupi kekosongan karna sebagian pesawat udah pensiun, memsan yg baru itu datangnya tidak singkat, itu membutuhkan waktu yg lama bertahun"" pantaskah membeberkan rahasia negara ditempat umum?? PANTASKAH?? ingat mass, percuma ijazah setinggi langit dan penghargaan segunung kalau atitud gk ada, banyak yg bilang pak Prabowo berambisi jadi presiden karena gagal 2 kali, tapi untuk malam ini membuktikan anislah yg sangat berambisi, sakit banget gk sih dikhianati lalu dicecar , sy aja yg menyaksikan syg sakit hati , bagaimana jika yg merasakan, sy akui dari dulu sy sgt suka dgn pak anis sy respect dan senang dgn pak anis, tapi untuk saat ini sy akui kalau dulu sy pernah bodoh menilai seseorang, TERIMAKASIH.!!"
mayyyonaise_,@see_frzzzzzzz Setuju banggg👏,2,0,1,see_frzzzzzzz,"Pantaskah seorang yg mencintaipi kekayaan seseorang kemudian menyinyirinya dan enggan berterima kasih? Pantaskah dia berbicara soal etik?? Pantaskah dia bicara soal pesawat bekas, pak Prabowo memesan yg bekas untuk menutupi kekosongan karna sebagian pesawat udah pensiun, memsan yg baru itu datangnya tidak singkat, itu membutuhkan waktu yg lama bertahun"" pantaskah membeberkan rahasia negara ditempat umum?? PANTASKAH?? ingat mass, percuma ijazah setinggi langit dan penghargaan segunung kalau atitud gk ada, banyak yg bilang pak Prabowo berambisi jadi presiden karena gagal 2 kali, tapi untuk malam ini membuktikan anislah yg sangat berambisi, sakit banget gk sih dikhianati lalu dicecar , sy aja yg menyaksikan syg sakit hati , bagaimana jika yg merasakan, sy akui dari dulu sy sgt suka dgn pak anis sy respect dan senang dgn pak anis, tapi untuk saat ini sy akui kalau dulu sy pernah bodoh menilai seseorang, TERIMAKASIH.!!"
sukma_ariy,@see_frzzzzzzz kumur nya banyak banget blubuk blubuk,1,0,1,see_frzzzzzzz,"Pantaskah seorang yg mencintaipi kekayaan seseorang kemudian menyinyirinya dan enggan berterima kasih? Pantaskah dia berbicara soal etik?? Pantaskah dia bicara soal pesawat bekas, pak Prabowo memesan yg bekas untuk menutupi kekosongan karna sebagian pesawat udah pensiun, memsan yg baru itu datangnya tidak singkat, itu membutuhkan waktu yg lama bertahun"" pantaskah membeberkan rahasia negara ditempat umum?? PANTASKAH?? ingat mass, percuma ijazah setinggi langit dan penghargaan segunung kalau atitud gk ada, banyak yg bilang pak Prabowo berambisi jadi presiden karena gagal 2 kali, tapi untuk malam ini membuktikan anislah yg sangat berambisi, sakit banget gk sih dikhianati lalu dicecar , sy aja yg menyaksikan syg sakit hati , bagaimana jika yg merasakan, sy akui dari dulu sy sgt suka dgn pak anis sy respect dan senang dgn pak anis, tapi untuk saat ini sy akui kalau dulu sy pernah bodoh menilai seseorang, TERIMAKASIH.!!"
zayuyunizar,@see_frzzzzzzz aduh kamu jgn bego dgn permainan prabowo buka maea hatimu dgnmlihat dunia indonesia yg nyata,0,0,1,see_frzzzzzzz,"Pantaskah seorang yg mencintaipi kekayaan seseorang kemudian menyinyirinya dan enggan berterima kasih? Pantaskah dia berbicara soal etik?? Pantaskah dia bicara soal pesawat bekas, pak Prabowo memesan yg bekas untuk menutupi kekosongan karna sebagian pesawat udah pensiun, memsan yg baru itu datangnya tidak singkat, itu membutuhkan waktu yg lama bertahun"" pantaskah membeberkan rahasia negara ditempat umum?? PANTASKAH?? ingat mass, percuma ijazah setinggi langit dan penghargaan segunung kalau atitud gk ada, banyak yg bilang pak Prabowo berambisi jadi presiden karena gagal 2 kali, tapi untuk malam ini membuktikan anislah yg sangat berambisi, sakit banget gk sih dikhianati lalu dicecar , sy aja yg menyaksikan syg sakit hati , bagaimana jika yg merasakan, sy akui dari dulu sy sgt suka dgn pak anis sy respect dan senang dgn pak anis, tapi untuk saat ini sy akui kalau dulu sy pernah bodoh menilai seseorang, TERIMAKASIH.!!"
see_frzzzzzzz,"@zayuyunizar hah?? Gimana? Anda sehat?? Fakta apa yg anda punya?? Lihatlah betapa kejamnya sia anis terhadap orang yg mengasuh dia, jgn pilih karena suka, pilihlah karena kenyataan yg ada",2,0,1,see_frzzzzzzz,"Pantaskah seorang yg mencintaipi kekayaan seseorang kemudian menyinyirinya dan enggan berterima kasih? Pantaskah dia berbicara soal etik?? Pantaskah dia bicara soal pesawat bekas, pak Prabowo memesan yg bekas untuk menutupi kekosongan karna sebagian pesawat udah pensiun, memsan yg baru itu datangnya tidak singkat, itu membutuhkan waktu yg lama bertahun"" pantaskah membeberkan rahasia negara ditempat umum?? PANTASKAH?? ingat mass, percuma ijazah setinggi langit dan penghargaan segunung kalau atitud gk ada, banyak yg bilang pak Prabowo berambisi jadi presiden karena gagal 2 kali, tapi untuk malam ini membuktikan anislah yg sangat berambisi, sakit banget gk sih dikhianati lalu dicecar , sy aja yg menyaksikan syg sakit hati , bagaimana jika yg merasakan, sy akui dari dulu sy sgt suka dgn pak anis sy respect dan senang dgn pak anis, tapi untuk saat ini sy akui kalau dulu sy pernah bodoh menilai seseorang, TERIMAKASIH.!!"
rizky_pratama_tama,"@zayuyunizar mukanya emak"" pasti emak "" fb ini",2,0,1,see_frzzzzzzz,"Pantaskah seorang yg mencintaipi kekayaan seseorang kemudian menyinyirinya dan enggan berterima kasih? Pantaskah dia berbicara soal etik?? Pantaskah dia bicara soal pesawat bekas, pak Prabowo memesan yg bekas untuk menutupi kekosongan karna sebagian pesawat udah pensiun, memsan yg baru itu datangnya tidak singkat, itu membutuhkan waktu yg lama bertahun"" pantaskah membeberkan rahasia negara ditempat umum?? PANTASKAH?? ingat mass, percuma ijazah setinggi langit dan penghargaan segunung kalau atitud gk ada, banyak yg bilang pak Prabowo berambisi jadi presiden karena gagal 2 kali, tapi untuk malam ini membuktikan anislah yg sangat berambisi, sakit banget gk sih dikhianati lalu dicecar , sy aja yg menyaksikan syg sakit hati , bagaimana jika yg merasakan, sy akui dari dulu sy sgt suka dgn pak anis sy respect dan senang dgn pak anis, tapi untuk saat ini sy akui kalau dulu sy pernah bodoh menilai seseorang, TERIMAKASIH.!!"
yourrrbyy,@see_frzzzzzzz alhamdulillah udah sadar mbakk,0,0,1,see_frzzzzzzz,"Pantaskah seorang yg mencintaipi kekayaan seseorang kemudian menyinyirinya dan enggan berterima kasih? Pantaskah dia berbicara soal etik?? Pantaskah dia bicara soal pesawat bekas, pak Prabowo memesan yg bekas untuk menutupi kekosongan karna sebagian pesawat udah pensiun, memsan yg baru itu datangnya tidak singkat, itu membutuhkan waktu yg lama bertahun"" pantaskah membeberkan rahasia negara ditempat umum?? PANTASKAH?? ingat mass, percuma ijazah setinggi langit dan penghargaan segunung kalau atitud gk ada, banyak yg bilang pak Prabowo berambisi jadi presiden karena gagal 2 kali, tapi untuk malam ini membuktikan anislah yg sangat berambisi, sakit banget gk sih dikhianati lalu dicecar , sy aja yg menyaksikan syg sakit hati , bagaimana jika yg merasakan, sy akui dari dulu sy sgt suka dgn pak anis sy respect dan senang dgn pak anis, tapi untuk saat ini sy akui kalau dulu sy pernah bodoh menilai seseorang, TERIMAKASIH.!!"
elsimuharni,@see_frzzzzzzz i like ur coment,1,0,1,see_frzzzzzzz,"Pantaskah seorang yg mencintaipi kekayaan seseorang kemudian menyinyirinya dan enggan berterima kasih? Pantaskah dia berbicara soal etik?? Pantaskah dia bicara soal pesawat bekas, pak Prabowo memesan yg bekas untuk menutupi kekosongan karna sebagian pesawat udah pensiun, memsan yg baru itu datangnya tidak singkat, itu membutuhkan waktu yg lama bertahun"" pantaskah membeberkan rahasia negara ditempat umum?? PANTASKAH?? ingat mass, percuma ijazah setinggi langit dan penghargaan segunung kalau atitud gk ada, banyak yg bilang pak Prabowo berambisi jadi presiden karena gagal 2 kali, tapi untuk malam ini membuktikan anislah yg sangat berambisi, sakit banget gk sih dikhianati lalu dicecar , sy aja yg menyaksikan syg sakit hati , bagaimana jika yg merasakan, sy akui dari dulu sy sgt suka dgn pak anis sy respect dan senang dgn pak anis, tapi untuk saat ini sy akui kalau dulu sy pernah bodoh menilai seseorang, TERIMAKASIH.!!"
mangarya.aa_,@bagoes_stwn28 iya wkwk,0,0,1,see_frzzzzzzz,"Pantaskah seorang yg mencintaipi kekayaan seseorang kemudian menyinyirinya dan enggan berterima kasih? Pantaskah dia berbicara soal etik?? Pantaskah dia bicara soal pesawat bekas, pak Prabowo memesan yg bekas untuk menutupi kekosongan karna sebagian pesawat udah pensiun, memsan yg baru itu datangnya tidak singkat, itu membutuhkan waktu yg lama bertahun"" pantaskah membeberkan rahasia negara ditempat umum?? PANTASKAH?? ingat mass, percuma ijazah setinggi langit dan penghargaan segunung kalau atitud gk ada, banyak yg bilang pak Prabowo berambisi jadi presiden karena gagal 2 kali, tapi untuk malam ini membuktikan anislah yg sangat berambisi, sakit banget gk sih dikhianati lalu dicecar , sy aja yg menyaksikan syg sakit hati , bagaimana jika yg merasakan, sy akui dari dulu sy sgt suka dgn pak anis sy respect dan senang dgn pak anis, tapi untuk saat ini sy akui kalau dulu sy pernah bodoh menilai seseorang, TERIMAKASIH.!!"
dunia_fana18,@see_frzzzzzzz tranformasi dari cerdas jadi DUNGU😂😂😂,0,0,1,see_frzzzzzzz,"Pantaskah seorang yg mencintaipi kekayaan seseorang kemudian menyinyirinya dan enggan berterima kasih? Pantaskah dia berbicara soal etik?? Pantaskah dia bicara soal pesawat bekas, pak Prabowo memesan yg bekas untuk menutupi kekosongan karna sebagian pesawat udah pensiun, memsan yg baru itu datangnya tidak singkat, itu membutuhkan waktu yg lama bertahun"" pantaskah membeberkan rahasia negara ditempat umum?? PANTASKAH?? ingat mass, percuma ijazah setinggi langit dan penghargaan segunung kalau atitud gk ada, banyak yg bilang pak Prabowo berambisi jadi presiden karena gagal 2 kali, tapi untuk malam ini membuktikan anislah yg sangat berambisi, sakit banget gk sih dikhianati lalu dicecar , sy aja yg menyaksikan syg sakit hati , bagaimana jika yg merasakan, sy akui dari dulu sy sgt suka dgn pak anis sy respect dan senang dgn pak anis, tapi untuk saat ini sy akui kalau dulu sy pernah bodoh menilai seseorang, TERIMAKASIH.!!"
estherratnasa,@chenklyxr setujuuu,0,0,1,see_frzzzzzzz,"Pantaskah seorang yg mencintaipi kekayaan seseorang kemudian menyinyirinya dan enggan berterima kasih? Pantaskah dia berbicara soal etik?? Pantaskah dia bicara soal pesawat bekas, pak Prabowo memesan yg bekas untuk menutupi kekosongan karna sebagian pesawat udah pensiun, memsan yg baru itu datangnya tidak singkat, itu membutuhkan waktu yg lama bertahun"" pantaskah membeberkan rahasia negara ditempat umum?? PANTASKAH?? ingat mass, percuma ijazah setinggi langit dan penghargaan segunung kalau atitud gk ada, banyak yg bilang pak Prabowo berambisi jadi presiden karena gagal 2 kali, tapi untuk malam ini membuktikan anislah yg sangat berambisi, sakit banget gk sih dikhianati lalu dicecar , sy aja yg menyaksikan syg sakit hati , bagaimana jika yg merasakan, sy akui dari dulu sy sgt suka dgn pak anis sy respect dan senang dgn pak anis, tapi untuk saat ini sy akui kalau dulu sy pernah bodoh menilai seseorang, TERIMAKASIH.!!"
doni170896,@see_frzzzzzzz percuma bang lu komen panjang.toh pendukung 01 minim dalam membaca 😂,0,0,1,see_frzzzzzzz,"Pantaskah seorang yg mencintaipi kekayaan seseorang kemudian menyinyirinya dan enggan berterima kasih? Pantaskah dia berbicara soal etik?? Pantaskah dia bicara soal pesawat bekas, pak Prabowo memesan yg bekas untuk menutupi kekosongan karna sebagian pesawat udah pensiun, memsan yg baru itu datangnya tidak singkat, itu membutuhkan waktu yg lama bertahun"" pantaskah membeberkan rahasia negara ditempat umum?? PANTASKAH?? ingat mass, percuma ijazah setinggi langit dan penghargaan segunung kalau atitud gk ada, banyak yg bilang pak Prabowo berambisi jadi presiden karena gagal 2 kali, tapi untuk malam ini membuktikan anislah yg sangat berambisi, sakit banget gk sih dikhianati lalu dicecar , sy aja yg menyaksikan syg sakit hati , bagaimana jika yg merasakan, sy akui dari dulu sy sgt suka dgn pak anis sy respect dan senang dgn pak anis, tapi untuk saat ini sy akui kalau dulu sy pernah bodoh menilai seseorang, TERIMAKASIH.!!"
indyindyy_03,Bapakkkkk ❤️❤️❤️❤️❤️❤️❤️❤️,0,0,0,,
harispratama_pp,🔥,0,0,0,,
suryatimanis6,Dimana ada prabowo di situ saya like👍,0,0,0,,
lycianml,🔥🔥🔥🔥,0,0,0,,
chotiyah12,Bismillah Bapak...smg menjadi Pemimpin Rakyat yg Amanah🤲🙏,0,0,0,,
momrasyaraffa,✌️❤️,0,0,0,,
ayufebrianaayu,2222,0,0,0,,
jogja_trip_travel,No ✌️,0,0,0,,
nanemi49,"sy org yg paling suka sm ktegasan bpk,,,,smga menang",0,0,0,,
izayuliz,Salfok ama ibu di blkg 😁,0,0,0,,
viana.684,All in bpa prabowo,0,0,0,,
julsryyyy,🔥❤️,0,0,0,,
anggiayudamayanti,All in Prabowo Gibran,0,0,0,,
rini_anggriani94,✌✌✌,0,0,0,,
babangrudin01,Yang dukung pak prabowo gua follow,0,0,0,,
irvandarmawan99,Semakin yakin All in 🔥🔥,0,0,0,,
yannizahrazahra,Pak Prabowo ✌️🥰,0,0,0,,
sk_rose08,❤️👏,0,0,0,,
mandas_ini_daeng_opu,Andalan ku 😍,0,0,0,,
vinsen6640,Salam dua jari,0,0,0,,
rudy_hidayat.hsym,"Pak anis RT 01
Pak ganjar RW 01
Pak prabowo RI 1 🤗",0,0,0,,
rahma_arumi_sakib,"Susu & mkn siang gratis justru jls stlah dilantik bisa lgsung di rsakn olh msyarkt klo anak"" kita dprhatikn pmrintah. Dripda dgn mmbangun 40kota stra JKT btuh wkt bertahun"", pling nnti ga trcpai dan alsan",0,0,0,,
elshadaylairah,🔥🔥🔥,0,0,0,,
suspithabella.s,✌️✌️✌️✌️✌️,0,0,0,,
pradiskaf,Prabowo ✌🏻,0,0,0,,
lestarikurnaesih,Idolaku dari dulu pk prabowo pak prabowo insyaalloh akan menang 1 putaran Amiin,0,0,0,,
rhy_lie97,Salam ✌️ jari 😍,0,0,0,,
nanacyute,✌️✌️,0,0,0,,
nathanesa_,🔥🔥🔥🔥,0,0,0,,
erickrhonsend,Orang hebat bersama Prabowo ❤️,0,0,0,,
ivan_suted,❤️,4,0,0,,
ryry_reztu.restiani,aku di belakang mu bang,0,0,0,,
febb_ryyy,All in bang,0,0,0,,
indah11315,😍😍😍✌️❤️🔥👏,0,0,0,,
yundaeff6,prabowo gibran ❤️,0,0,0,,
aseprendiandra,Hanya Prabowo Gibran yg pling saya suka 02,0,0,0,,
gunawangendisgempitagiovani,Makamah Keluarga😂😂😂,0,0,0,,
aiyu_frnd4,"Slide prtma si mbak ny belike : nyempil dkit ga ngaruhh, yg pnting snyum aja dulu ada camera yg mo udah on hihi😂🤭",0,0,0,,
akusilarasa,🫰🏻🫰🏻✌🏻✌🏻,0,0,0,,
emychaniago3,✌️❤️🤞,0,0,0,,
astutiningsih____,"💪💪👍🏻👍🏻🙏🙏, Broo Bobon.",0,0,0,,
ayunda93,✌️,0,0,0,,
frengkifikriyaya,❤️❤️o2 🙌🙌o2 ❤️❤️o2 Mantap pk prabowo dn Gibran ❤️❤️,0,0,0,,
matius_rua,Tuama Minahasa👏,0,0,0,,
permanafizar,Gass prabowo gibran,0,0,0,,
musaa_bjm,02,0,0,0,,
achmadanrr,Prabowo all in,0,0,0,,
andiakbarzr,Mantab All in Prabowo 🔥,0,0,0,,
z.mayrisya,"Pak prabowo pokoknya yg terbaik dan pantas untuk jd presiden RI yg ke-8 dan akan siap2 sering bertemu dgn presiden2 dunia... Sprt Vladmir Putin, Joe Biden dll",0,0,0,,
harihari4831,PRA-GIB 🔥🔥🔥🔥🔥❤️❤️❤️❤️❤️,0,0,0,,
dwihanj,Prabowo 🔥🔥🔥,0,0,0,,
adeng960,Bismillah ✌️✌️,0,0,0,,
d.tjndra93,Yang penting bukan Anis,0,0,0,,
jokal_kalalo,Mantp 👏👏👏,0,0,0,,
daengkecil_11,02❤️,0,0,0,,
clak21,Prabowo Gibran juara ❤️🔥✌️,0,0,0,,
ghofir04,❤️,0,0,0,,
shellafrnd_,😍✌✌,0,0,0,,
baweellussy_jiyoung,🤍🤍🤍💙💙💙💙💙💙💙🤍🤍🤍🤍🤍🤍🤍🤍🤍🤍🤍💙🤍💙💙,0,0,0,,
andreandrianoo,TUAMA 🔥🔥🔥,0,0,0,,
niamappanganro023,BPK 😍❤️,0,0,0,,
reshan16__,✌️✌️✌️,0,0,0,,
muhammaddedieee,Aku semakin yakin dukung anis imin,129,69,0,,
muhammaddedieee,@muhammaddedieee jadi pawang angin 💨😂,365,0,1,muhammaddedieee,Aku semakin yakin dukung anis imin
z.mayrisya,@muhammaddedieee Putaran pertama si slepet tumbang😂,8,0,1,muhammaddedieee,Aku semakin yakin dukung anis imin
muhammaddedieee,"@mayrisya17 ku kira slepet suhu, ternyata cupu slepet slebeewww",11,0,1,muhammaddedieee,Aku semakin yakin dukung anis imin
z.mayrisya,"@muhammaddedieee wkwkwkwkw... Slepet Anies, sorry yeee... 😂😂",3,0,1,muhammaddedieee,Aku semakin yakin dukung anis imin
rian.adsptra_,@muhammaddedieee awas di slepet😮😮😮,3,0,1,muhammaddedieee,Aku semakin yakin dukung anis imin
muhammaddedieee,@rianadsptra_ eitz ga kena 🤪,2,0,1,muhammaddedieee,Aku semakin yakin dukung anis imin
arrwb_,@muhammaddedieee pilihen presiden rohingya,4,0,1,muhammaddedieee,Aku semakin yakin dukung anis imin
muhammaddedieee,@alexs_nakata duta angin,2,0,1,muhammaddedieee,Aku semakin yakin dukung anis imin
pradiskaf,@muhammaddedieee wkwkwk hampir saja 😂,2,0,1,muhammaddedieee,Aku semakin yakin dukung anis imin
dvinahptry,@muhammaddedieee salah lapak 😆,1,0,1,muhammaddedieee,Aku semakin yakin dukung anis imin
murni.wonosobo,@muhammaddedieee Biar punya KTP angiinn 🤣🤣🤣,1,0,1,muhammaddedieee,Aku semakin yakin dukung anis imin
muhammaddedieee,@murni.wonosobo gaib dong 😂,0,0,1,muhammaddedieee,Aku semakin yakin dukung anis imin
riynddaa,@muhammaddedieee ahahhahhaha hampir kenak.bangsatkan anda 😂😂,0,0,1,muhammaddedieee,Aku semakin yakin dukung anis imin
the_riel_12,"@muhammaddedieee terserah anda aja ya, gaada yang peduli anda milih siapapun, bukan orang penting anda😂😂😂",1,0,1,muhammaddedieee,Aku semakin yakin dukung anis imin
itmebayu,"@muhammaddedieee minimal kalo bagi"" makanan jangan mie lah😂🙌",0,0,1,muhammaddedieee,Aku semakin yakin dukung anis imin
andriigunawannn,@muhammaddedieee grup lawak🤣,0,0,1,muhammaddedieee,Aku semakin yakin dukung anis imin
khns_hmira,@muhammaddedieee gombal mukiyo😂,0,0,1,muhammaddedieee,Aku semakin yakin dukung anis imin
muhammaddedieee,@the_riel_12123 sengkunis julukan baru 😂,0,0,1,muhammaddedieee,Aku semakin yakin dukung anis imin
the_riel_12,@muhammaddedieee makin yakin gua kalo pendukung Anis tuh SDM nya rendah awoakwo😂,1,0,1,muhammaddedieee,Aku semakin yakin dukung anis imin
muhammaddedieee,"@the_riel_12123 bukan rendah, tapi tukang fitnah 😂",0,0,1,muhammaddedieee,Aku semakin yakin dukung anis imin
the_riel_12,@muhammaddedieee ya 100 buat anda,0,0,1,muhammaddedieee,Aku semakin yakin dukung anis imin
novi_opie88,@muhammaddedieee di singkat jadi amis 😂,0,0,1,muhammaddedieee,Aku semakin yakin dukung anis imin
herdy90an,@muhammaddedieee pikir ulang,0,0,1,muhammaddedieee,Aku semakin yakin dukung anis imin
leeaieny4,@muhammaddedieee lebih tepat nya avatar karna dia ngatur sngin dan air hujan😂😂,0,0,1,muhammaddedieee,Aku semakin yakin dukung anis imin
almaria_alfianty,@muhammaddedieee lu ga diajak tong,0,0,1,muhammaddedieee,Aku semakin yakin dukung anis imin
fitriarin.15,@muhammaddedieee ati2 kencing manis kebanyakan makan yg manis2 yak 😂,0,0,1,muhammaddedieee,Aku semakin yakin dukung anis imin
ronationomsimaremare,@muhammaddedieee artis gk ada yg dukung amin,0,0,1,muhammaddedieee,Aku semakin yakin dukung anis imin
nabuk_song,"@muhammaddedieee klu anis jadi presiden ada penambahan mentri ,yaitu mentri pengendalian angin,hujan,puting beliyung",0,0,1,muhammaddedieee,Aku semakin yakin dukung anis imin
_rizkyutama,@muhammaddedieee dukung jadi rakyat,0,0,1,muhammaddedieee,Aku semakin yakin dukung anis imin
muhammaddedieee,@jhniis dan mentri kosa kata,0,0,1,muhammaddedieee,Aku semakin yakin dukung anis imin
anandalusiana,@muhammaddedieee pawang presiden Rohingnya kali bang 🤣,0,0,1,muhammaddedieee,Aku semakin yakin dukung anis imin
nadiawtt,@muhammaddedieee jd rt di desaku,0,0,1,muhammaddedieee,Aku semakin yakin dukung anis imin
wdl_ltr,"@muhammaddedieee gk punya tv liat rekam jejak digital ya ngab?😂bgaimna tdk punya etika mnghianati dn tdk ada trimksh,yaaahh klo tdk brtrimksh mnimal tdk trlu mnghina dn mnjatuhkan",0,0,1,muhammaddedieee,Aku semakin yakin dukung anis imin
bennyhan88,@muhammaddedieee amin1 .cerdas yg lain linglung,0,0,1,muhammaddedieee,Aku semakin yakin dukung anis imin
bundawahyu2182,@muhammaddedieee angin nggak ada ktp 😂😂😂,0,0,1,muhammaddedieee,Aku semakin yakin dukung anis imin
imperialmode77,@muhammaddedieee malu maluin pendukung amin lu,0,0,1,muhammaddedieee,Aku semakin yakin dukung anis imin
muhammaddedieee,@imperialmode77 kenyataan pendukung anis suka hoax,0,0,1,muhammaddedieee,Aku semakin yakin dukung anis imin
imperialmode77,@muhammaddedieee kayak lu,0,0,1,muhammaddedieee,Aku semakin yakin dukung anis imin
fepbriii__,@muhammaddedieee  pawang hujan mbak rara pawang angin anis🤣🤣🤣,0,0,1,muhammaddedieee,Aku semakin yakin dukung anis imin
bonanzagolld,@muhammaddedieee jadi ketua RT,0,0,1,muhammaddedieee,Aku semakin yakin dukung anis imin
muhammaddedieee,@bonanzagolld anis itu singkatan Amien rais versi sekarang,0,0,1,muhammaddedieee,Aku semakin yakin dukung anis imin
agung_sriono24,@muhammaddedieee pret,0,0,1,muhammaddedieee,Aku semakin yakin dukung anis imin
muhammaddedieee,Buzzer anis panas kalungan kulkas ae,1,0,1,muhammaddedieee,Aku semakin yakin dukung anis imin
agung_sriono24,@muhammaddedieee cuk ..maaf saya ke gocek😂,0,0,1,muhammaddedieee,Aku semakin yakin dukung anis imin
vta3625,@muhammaddedieee ronghiya 😂,0,0,1,muhammaddedieee,Aku semakin yakin dukung anis imin
intanfebriiayu,@muhammaddedieee salah server lo masuk sini,1,0,1,muhammaddedieee,Aku semakin yakin dukung anis imin
muhammaddedieee,@intanfebriiayu maksudnya?,0,0,1,muhammaddedieee,Aku semakin yakin dukung anis imin
ifhaali,@muhammaddedieee angin ga punya ktp 😂,0,0,1,muhammaddedieee,Aku semakin yakin dukung anis imin
aji_soow,@muhammaddedieee hey hey bacot ..komen di postingan pilihanmu aja bung .,0,0,1,muhammaddedieee,Aku semakin yakin dukung anis imin
dunia_fana18,@muhammaddedieee kamu pawang cebong😂,0,0,1,muhammaddedieee,Aku semakin yakin dukung anis imin
muhammaddedieee,"@aji_soow siap slepet, kita kawal nomor 2 satu putaran",0,0,1,muhammaddedieee,Aku semakin yakin dukung anis imin
fendra.ja,@muhammaddedieee jadi ketua rt,0,0,1,muhammaddedieee,Aku semakin yakin dukung anis imin
muhammaddedieee,@fendra_okalan ketinggian,0,0,1,muhammaddedieee,Aku semakin yakin dukung anis imin
selvieritha,@muhammaddedieee periksa dl anginnya> dah ada KTP bloom😂😂😂,0,0,1,muhammaddedieee,Aku semakin yakin dukung anis imin
kertarahayuvibes,@muhammaddedieee kasian .belum dapat pencerahan,0,0,1,muhammaddedieee,Aku semakin yakin dukung anis imin
febry_1220,@muhammaddedieee pasti bakal ngurusin angin yang belum ada ktp hehe😂😂,0,0,1,muhammaddedieee,Aku semakin yakin dukung anis imin
mikeudwiagista_,@muhammaddedieee 🤣,0,0,1,muhammaddedieee,Aku semakin yakin dukung anis imin
milarhyyu,@muhammaddedieee Yakinnn😂,0,0,1,muhammaddedieee,Aku semakin yakin dukung anis imin
fa788da,"@muhammaddedieee ingat sama parkiran air , sekarang musim hujan pasti susah ngatur parkirnya 😂",0,0,1,muhammaddedieee,Aku semakin yakin dukung anis imin
ifha_syah,@muhammaddedieee slepet😂😂,0,0,1,muhammaddedieee,Aku semakin yakin dukung anis imin
otonglenong33,"@muhammaddedieee ,,,Muke lu yg kaya angin',,, dasar rombongan Jongkok lu 😂😂😂",0,0,1,muhammaddedieee,Aku semakin yakin dukung anis imin
muhammaddedieee,@otonglenong33 01 gblk,0,0,1,muhammaddedieee,Aku semakin yakin dukung anis imin
otonglenong33,"@muhammaddedieee ,,ia Tolol 😂",0,0,1,muhammaddedieee,Aku semakin yakin dukung anis imin
uttiqr_,@muhammaddedieee istighfar,0,0,1,muhammaddedieee,Aku semakin yakin dukung anis imin
akagami_3d2y,@muhammaddedieee sedikit lagi aku terpancing bang 😢,0,0,1,muhammaddedieee,Aku semakin yakin dukung anis imin
muhammaddedieee,@espyan_97 ampun bang 😂,0,0,1,muhammaddedieee,Aku semakin yakin dukung anis imin
kz_agn,@muhammaddedieee 😂😂😂😂,0,0,1,muhammaddedieee,Aku semakin yakin dukung anis imin
muhammaddedieee,@amorafricilia sama salam prawan 😂,0,0,1,muhammaddedieee,Aku semakin yakin dukung anis imin
galuhp667,AMIN SATU PUTARAN...AAMIIN,0,0,0,,
setiabella_ysf,😍😍,0,0,0,,
ajayfalikan,Hidup pak Prabowo,19,0,0,,
_the.ria1111_,🫰🫰🫰,0,0,0,,
te_logodok,SOORRYY YEEE🗿,0,0,0,,
_prdiynsh30,"All in Prabowo Gibran 🙌,🙌",0,0,0,,
giyas_may,All in Prabowo ❤️🔥,0,0,0,,
vickersulag6,Torang Deng tuama ✌️🌹🌹,0,0,0,,
anastasyanabilahdiva,🔥🙌 Prabowo,0,0,0,,
abanganda1,Gas,0,0,0,,
royswongkar,🔥,0,0,0,,
elisaliza987,Prabowo-Gibran❤️❤️,0,0,0,,
don_caberes,@fero_walandouw Torang deng @prabowo . #1PUTARAN JO,13,0,0,,
harrrrr_18,The best bang @fero_walandouw ✌️,0,0,0,,
endrajul,✌️🔥🔥🔥🔥,0,0,0,,
herryanto_rey,All in❤️❤️❤️❤️,0,0,0,,
zio_damai,Orang bijak pilih pak Prabowo 😍✌️,0,0,0,,
suhairia87,Pak Prabowo terbaik ❤️❤️❤️❤️❤️,0,0,0,,
nurlismeuko,Sehat selalu semuanya bersama Prabowo Gibran...,0,0,0,,
fadlyansyah_setiawan,🔥😍,0,0,0,,
ridwanalvaro_12,Keren lu bang 🔥👏,38,0,0,,
whd1414_,ok gas,0,0,0,,
_moccacino24,Gemoyyyy 🫰,0,0,0,,
varachands,❤️,0,0,0,,
ngahnik1904,2,0,0,0,,
prince_sana07,Jangan lupa pilih no 02 untuk indonesia lebih maju❤️,0,0,0,,
lindataroreh,🔥🔥🔥,0,0,0,,
kaenuaperta,👆✌️👆✌️✌️✌️👆✌️✌️✌️👆✌️✌️✌️✌️✌️👆✌️✌️✌️,0,0,0,,
sitiumi521,Mantap KA vero🔥🔥🔥🔥,0,0,0,,
siti_bunda_abiyan,All in prabowo gibran😍😍✌🏻,0,0,0,,
aniez_ardiyan,🤘🏻🤘🏻🤘🏻,4,1,0,,
dedi_mulyadi5,@aniez_ardiyan ✌,1,0,1,aniez_ardiyan,🤘🏻🤘🏻🤘🏻
fikadwiastri,❤️❤️prabow,0,0,0,,
mahmudah9233,Pilihan yang tepat Abang ganteng😂,0,0,0,,
mlnzfd,❤️❤️❤️,0,0,0,,
rahman160797,so sehat ngana ver,0,0,0,,
jerry.sakul.90,TUAMA KAKAS🙏,0,0,0,,
kokom_274,🔥🔥✌️kereeennnn,0,0,0,,
maaz_toha,Tap 🔥,0,0,0,,
yuliaagus834,Duh babang kita makin sehati aja nih 😍,0,0,0,,
erick.santoso.3785,Daerah rumah saya idola ku😍,0,0,0,,
reigenpodungsigarlaki,"Mantap tuama"" Minahasa ✨💪👍🏻👍🏻",0,0,0,,
elda_setia,Pengen banget foto sama bang @fero_walandouw 😍😍,0,0,0,,
yudiindowahyu,Allah sudah takdir kan presiden 2024 A.M.I.N,2,2,0,,
xssrlwy,"@yudiindowahyu salah lapak, suka banget nyampah ni pendukung 01",0,0,1,yudiindowahyu,Allah sudah takdir kan presiden 2024 A.M.I.N
marchya_dhannz,I yayat U santi 🔥,0,0,0,,
im_arkaa,02 🔥🔥🔥,0,0,0,,
komarudin6734,❤️,0,0,0,,
amiraainun567,prabowo😍🔥,0,0,0,,
nanriandhani,Yes fero👏,0,0,0,,
inayawinner,Ini yg dijagain pricil trus putus y,0,0,0,,
sagutumang_22,❤️❤️❤️❤️🔥🔥🔥🔥🙌🙌🙌🙌🙌,0,0,0,,
irmakhoeriah,All in pak Prabowo,0,0,0,,
apandnan,🔥🔥,0,0,0,,
_itsgionanie_2511,Ogah ach product orba so pasti Gama,2,1,0,,
imelnra,@giovanie_2511 okeb,2,0,1,_itsgionanie_2511,Ogah ach product orba so pasti Gama
fembrayy,Iyo dang Tuama😂🔥🔥,0,0,0,,
blueradeca,🔥🔥🔥🔥🔥🔥🔥,0,0,0,,
james.paulus.7,"Da pake bahasa apa ini Tuama,Tombulu ato Tonsea?😁😁🙏",0,0,0,,
noviardiantiiii,Mantap Bg fero🙌.. All in Prabowo Gibran ✌️🫡,0,0,0,,
_hellow.wn_,✌️😎,0,0,0,,
fun_budi,🙏😀👍🏻,0,0,0,,
amranggurs,"Bapak Prabowo dan Gibran yg terbaik .😍 mas Fero walandouw, ganteng banget penuh pesona 😍",0,0,0,,
nadadila82,Kreen bang Fero✌️,0,0,0,,
reyenx_,🙌👏,0,0,0,,
heprrirewel138,😍,0,0,0,,
rositaputri_04,Kalo soal pa Prabowo pasti saya like ❤️,893,3,0,,
julian_muhammd,@rositaputri_04 sama doakan terus kaka,3,0,1,rositaputri_04,Kalo soal pa Prabowo pasti saya like ❤️
kz_agn,@rositaputri_04 Kaka juga saya like...😍,1,0,1,rositaputri_04,Kalo soal pa Prabowo pasti saya like ❤️
dianyaanda,@rositaputri_04  gara gara sembako d 90 detik terakhir 😂 jagn mau dbodohin 😂,1,0,1,rositaputri_04,Kalo soal pa Prabowo pasti saya like ❤️
qreynbcdefghijk,❤️❤️❤️❤️,0,0,0,,
skyiwan8,Kasih makan pas pemilu aja?,0,0,0,,
teddymanangka,Gassss,0,0,0,,
ardelianinda,😍❤️🙌,0,0,0,,
ichaaadjafar,😂😂😂😂,0,0,0,,
dayakbenny,Sukses Bismmillahirohmannirohim Al Fatihah,1,0,0,,
dewi.aminah185,Wah mas fero all in prabowo gibran ✌️✌️,0,0,0,,
mr_anthonie,𝙈𝙖𝙣𝙩𝙖𝙖𝙖𝙖𝙖𝙖𝙥 𝙩𝙖𝙥𝙚 𝘽𝙤𝙤𝙤𝙤𝙤𝙨𝙨𝙨𝙨𝙨𝙨𝙨👏👏,0,0,0,,
sridewililani,Gw malah sibuk cari mayorteddy😌😌,0,0,0,,
antonius_soedjono,🔥,6,0,0,,
nonayhanti136,Orang cerdas pilih Ganjar Pranowo,0,2,0,,
mangarya.aa_,@nonayhanti136 cerdas otak batu,0,0,1,nonayhanti136,Orang cerdas pilih Ganjar Pranowo
xssrlwy,@nonayhanti136 jadi admin slot,0,0,1,nonayhanti136,Orang cerdas pilih Ganjar Pranowo
dsriana_sari,👏👏👏,0,0,0,,
ciplie_822,"Terimakasih sudah mau berkunjung ke daerah kami mas@fero_walandouw,bpk@prabowo, @zarhendrik, chep @bobonsantoso",4,0,0,,
rusanti_kfbh,✌🏼❤️,0,0,0,,
williamkaunang,"TUAMA 🔥
Prabowo Presiden 2024 🇮🇩",407,1,0,,
jannasoekasah.joesoef,👏👏👏👏👏,9,0,0,,
zarhendrik,✌🏻✌🏻✌🏻,30,0,0,,
trivovan12,Prabowo gibran,5,0,0,,
miftahul448jannah,Kereeen 👌 bang fero,20,4,0,,
sriyatun_2375,@miftahul448jannah mantap bang Fero & Pak Prabowo Subiyanto semangat memajukan rakyat Indonesia makmur sejahtera 😍😍😍,2,0,1,miftahul448jannah,Kereeen 👌 bang fero
miftahul448jannah,@villatun5 ya donk harus ttep smangat 💪💪 pemilihan kn tinggal beberapa bulan lagi😍😍,1,0,1,miftahul448jannah,Kereeen 👌 bang fero
sriyatun_2375,"@miftahul448jannah bener bund semangat,bunda jga sama piliha aku y 🤭😂",1,0,1,miftahul448jannah,Kereeen 👌 bang fero
miftahul448jannah,@villatun5 ya 😂😂😂 aq dach pilih pak Wowo disini,0,0,1,miftahul448jannah,Kereeen 👌 bang fero
charolinelzr,✌️✌️✌️✌️✌️✌️✌️✌️,0,0,0,,
sulasmita,Pak gemoy😍❤️❤️❤️,25,0,0,,
deby_prnmsr512,❤️❤️❤️❤️❤️,0,0,0,,
deby_prnmsr512,Bismillah prabowo gibran🤲,48,0,0,,
deby_prnmsr512,😍😍😍😍,0,0,0,,
deby_prnmsr512,All in prabowo gibran😍😍😍😍,40,0,0,,
depe_sr,Ok gas oke gas 2 😍🔥,12,0,0,,
sayayesushanyanabi,"PRABOWO PROGRAM TRILIUNAN GAGAL, ADA DI VIDEO SAYA CEK POSTINGAN, GIBRAN PLONGA PLONGO, APANYA YANG HARUS DI PILIH?",0,2,0,,
mangarya.aa_,@kafirmenujuislam km di sadarkan malah nyolot emang otak batu pendukung anis,1,0,1,sayayesushanyanabi,"PRABOWO PROGRAM TRILIUNAN GAGAL, ADA DI VIDEO SAYA CEK POSTINGAN, GIBRAN PLONGA PLONGO, APANYA YANG HARUS DI PILIH?"
xssrlwy,"@kafirmenujuislam dih nyampah aja, katanya cerdas tp typingan kosong",0,0,1,sayayesushanyanabi,"PRABOWO PROGRAM TRILIUNAN GAGAL, ADA DI VIDEO SAYA CEK POSTINGAN, GIBRAN PLONGA PLONGO, APANYA YANG HARUS DI PILIH?"
sayayesushanyanabi,"Sebutkan prestasi PRABOWO selain Urus keluarga GAGAL, urus PT TMI 1760 T GAGAL, urus food ESTATE GAGAL 108,8 T. Lalu sok sok an URUS INDONESIA? SALAM ANTI PLONGA PLONGO.",0,0,0,,
sayayesushanyanabi,"1. THE BEST MAN IN THE WORLD PAK ANIES BASWEDAN JADI PRESIDEN GUYS, PRESTASI MEMBANGUN JAKARTA SUKSES, MARI BERFIKIR WARAS DAN BERPIKIR KRITIS MEMILIH PEMIMPIN. SALAM ANTI PLONGA PLONGO.  2. URUS KELUARGA GAGAL,BELI PESAWAT JET BEKAS, KORUPSI PT TMI 1760 T, FOOD ESTATE 108,8 T GAGAL. BELOM JADI PRESIDEN PROGRAM PROGRAM UDAH PADA GAGAL.  3. GANJAR BOKEP MULU FAKTA, JATENG MASIH MISKIN FAKTA, KORUPSI EKTP FAKTA , WADAS GGA JELAS FAKTA. BODOH BODOH CEBONG. PDI GUDANG NYA KORUPSI JUGA FAKTA. APA YANG KALIAN BANGGAKAN.",0,0,0,,
a.pattyranie,🫡✌🏻🇮🇩,0,0,0,,
steverompas8,Ganas ni tole ini🔥 majuii,0,0,0,,
donny_sambeka,Tuama 🔥,0,0,0,,
marlokembuan,😍🔥😍,1,1,0,,
poluan_nikita,@marlokembuan 🩵✌️,0,0,1,marlokembuan,😍🔥😍
lemineral11_,❤️🔥👏,0,0,0,,
ekayani.yani.391,No 1 amin aj,3,2,0,,
kulohanifalazhar,@ekayani.yani.391 ngapain Nyampah disini😂,0,0,1,ekayani.yani.391,No 1 amin aj
xssrlwy,@ekayani.yani.391 jadi sales admin,0,0,1,ekayani.yani.391,No 1 amin aj
sy.amsul7934,#AminAjaDulu01,5,2,0,,
xssrlwy,@sy.amsul7934 jadi sales,0,0,1,sy.amsul7934,#AminAjaDulu01
atikahchairunnisaa,MERRY CHRISTMAS zkmoe nsliod csewt nsyogk ieydc💃🕺💃🕺❄️🎄🎁🎁🎁🎁🎅🎅🎅🎅,0,0,0,,
mikaeltamara,Spannnn bro🔥,0,0,0,,
dinar_candy,Gemoy team 🙌🙌🙌🙌,1242,11,0,,
angel.221w,@dinar_candy kamu juga gemoy ka,7,0,1,dinar_candy,Gemoy team 🙌🙌🙌🙌
jonianatha,@dinar_candy 🔥,5,0,1,dinar_candy,Gemoy team 🙌🙌🙌🙌
yn_veronica,@dinar_candy mee to,1,0,1,dinar_candy,Gemoy team 🙌🙌🙌🙌
mikhaylaazzahraqaireen,@dinar_candy kakak syg ku😍,2,0,1,dinar_candy,Gemoy team 🙌🙌🙌🙌
yangmantapmantapaja,@dinar_candy gemoy kek badut 😂,1,0,1,dinar_candy,Gemoy team 🙌🙌🙌🙌
rsky888_,"@dinar_candy ᴀᴘᴀ ʏᴀɴɢ ᴅɪ ʜᴀʀᴀᴘᴋᴀɴ ᴅᴀʀɪ ᴘᴀᴋ ᴘʀᴀʙᴏᴡᴏ ᴅᴀɴ ɢɪʙʀᴀɴ, ᴋᴀʀᴇɴᴀ ᴅɪᴀ ᴅᴀʀɪ ᴍɪʟɪᴛᴇʀ ᴛᴇʀᴜꜱ ᴅɪᴀ ᴜᴅᴀʜ ʜᴇʙᴀᴛ, ʟɪᴀᴛ ᴀᴊᴀ ᴅᴇʙᴀᴛ ᴋᴇᴛɪɢᴀ ꜱᴇᴍᴀʟᴀᴍ, ᴛᴀɴʏᴀ ᴘᴀᴋ ɢᴀɴᴊᴀʀ ᴛᴇɴᴛᴀɴɢ ᴍɪʟɪᴛᴇʀ ᴅᴀɴ ᴘᴇʀᴛᴀʜᴀɴᴀɴ, ᴍᴀʟᴀʜ ɢ-ᴘʟᴀʏ ɢɪᴛᴜ. ᴘᴀᴅᴀʜᴀʟ ᴘᴀᴋ ᴘʀᴀʙᴏᴡᴏ ᴍᴀꜱɪʜ ᴍᴇɴᴅᴜᴅᴜᴋɪ ᴊᴀʙᴀᴛᴀɴ ɪᴛᴜ, ᴄᴜᴍᴀɴ ʙɪꜱᴀ ᴇᴍᴏꜱɪᴀɴ....ᴀᴘᴀʟᴀɢɪ ᴘᴀᴋ ɢɪʙʀᴀɴ,ʏɢ ᴅɪ ᴛᴀɴʏᴀ ᴘᴀᴋ ᴍᴀʜꜰᴜᴅ.. ʏɢ ᴅɪ ᴛᴀɴʏᴀ ᴀ ᴍᴀʟᴀʜ ᴊᴀᴡᴀʙ ʏᴀ ᴄ ᴅᴀɴ ᴅ. ɪɴɪ ʏɢ ᴘᴇɴᴅᴜᴋᴜɴɢ ɴᴏ.2 ᴛᴀᴍᴀᴛ ꜱᴇᴋᴏʟᴀʜ ɢᴀᴋ ꜱɪʜʜ, ᴊᴜᴊᴜʀ ꜱᴀʏᴀ ɢᴀᴋ ᴘᴇɴᴅᴜᴋᴜɴɢ 01 ᴀᴛᴀᴜ 03.. ᴛᴀᴘɪ ᴋɪᴛᴀ ʟɪᴀᴛ ᴘᴀᴋᴀɪ ᴀᴋᴀʟ ᴅᴀɴ ʟᴏɢɪᴋᴀ ᴀᴊᴀ 😊 [ ᴘᴇɴᴅᴜᴋᴜɴɢ ᴘᴇᴍɪʟᴜ ᴅᴀᴍᴀɪ 2024]",0,0,1,dinar_candy,Gemoy team 🙌🙌🙌🙌
edwinbagas_28,@dinar_candy ✌️,0,0,1,dinar_candy,Gemoy team 🙌🙌🙌🙌
its_yunaaa23,@jonianatha 🔥,0,0,1,dinar_candy,Gemoy team 🙌🙌🙌🙌
vediepay_,@dinar_candy wokeh,0,0,1,dinar_candy,Gemoy team 🙌🙌🙌🙌
handihands,@dinar_candy 😂mendadak gua follow Dinar candy wkwkwk,0,0,1,dinar_candy,Gemoy team 🙌🙌🙌🙌
zusttopena,@dinar_candy siap jdkan 01 presiden dan wakil presiden,0,0,1,dinar_candy,Gemoy team 🙌🙌🙌🙌
agengsutiayuwulanningrum,😍😍,0,0,0,,
04angga,Am1N ☝,1,1,0,,
xssrlwy,@04angga JADI SALES GPU,0,0,1,04angga,Am1N ☝
janderjacob,Torang GAMA.....maju banteng🤟🏼🤟🏼🤟🏼,0,0,0,,
anggriawanfer,Woow mantappp🔥🔥❤️😍,11,0,0,,
win3rz,Torang gasss,8,0,0,,
vickymci7,@fero_walandouw Mantapss 🔥🔥 Terbaik Pak Prabowo 👍😇🙏✌️,33,0,0,,
chenglung25.new,❤️❤️❤️,0,0,0,,
andika_prasetia,Jendral Prabowo 🔥🔥🔥🔥,55,0,0,,
st_efany8178,Prabowo gibran❤️,17,0,0,,
davina_lolita,😍🔥,4,0,0,,
huda_stell01,All in,1,0,0,,
nur_indah_meilisa26,Ka ke banten sini ka,0,0,0,,
aniezaniz2,✌️✌️✌️✌️✌️✌️✌️✌️✌️✌️✌️✌️✌️✌️✌️,28,0,0,,
murni.yasmin8,Kok ganteng banget sih @fero_walandouw 🙂,0,0,0,,
iraaaah_16,ada bang Fero sy lebih suka panggil Oky di tajwid cinta sehat terus untuk Fero dan pak Prabowo 🥰🥰,9,0,0,,
arya_sampoerna,Badokan tok kurang gagasan,53,57,0,,
imelnra,"@arya_sam_poer_na gagasan tok gaonok aksine, nggedabrusss. Wareg ta mangan gagasan?🤣",344,0,1,arya_sampoerna,Badokan tok kurang gagasan
umamilidya,@arya_sam_poer_na janji2 tok nyatane ndopok😂😂,72,0,1,arya_sampoerna,Badokan tok kurang gagasan
m.sofyan_s.ml,"@arya_sam_poer_na banyak gagasan,banyak teori bisanya cuman gelapin uang rakyat itu yng di dukung,memang zaman udh kebalik ya skarang😂",46,0,1,arya_sampoerna,Badokan tok kurang gagasan
sabryan_macca,@arya_sam_poer_na buzzer,20,0,1,arya_sampoerna,Badokan tok kurang gagasan
andiii__09,@arya_sam_poer_na mandan melek kang Kya sing dipimpin pujaanmu apik 😂,8,0,1,arya_sampoerna,Badokan tok kurang gagasan
ghofir04,@arya_sam_poer_na gagasannya internet gratis buat mbokep 😂😂😂,18,0,1,arya_sampoerna,Badokan tok kurang gagasan
dimasfernandez46,@arya_sam_poer_na kakehan Munggah gunung modarr Lo Tibo 😂,11,0,1,arya_sampoerna,Badokan tok kurang gagasan
pradiskaf,@arya_sam_poer_na modelan seneng dijanjeni tok menus ki 😂😂,10,0,1,arya_sampoerna,Badokan tok kurang gagasan
renalhimzu,@arya_sam_poer_na badoken gagasan blok,8,0,1,arya_sampoerna,Badokan tok kurang gagasan
ayu_purwanto,"@arya_sam_poer_na  dari pada keakeen nggedabrusss ,😂😂",13,0,1,arya_sampoerna,Badokan tok kurang gagasan
mlnskhk_,@arya_sam_poer_na janji² tok kurang kerjaan,4,0,1,arya_sampoerna,Badokan tok kurang gagasan
oca4744,@arya_sam_poer_na komen tok kurang wawasan,4,0,1,arya_sampoerna,Badokan tok kurang gagasan
rurennn,@arya_sam_poer_na gagasan tok kerja nol wkwk,4,0,1,arya_sampoerna,Badokan tok kurang gagasan
herisa984,@arya_sam_poer_na nggedabrus tok sampe keluwen,4,0,1,arya_sampoerna,Badokan tok kurang gagasan
itmebayu,@arya_sam_poer_na badokane sehat og lek,0,0,1,arya_sampoerna,Badokan tok kurang gagasan
vearl18,@arya_sam_poer_na dr pd bacot doang tp ngibul?,5,0,1,arya_sampoerna,Badokan tok kurang gagasan
khns_hmira,@arya_sam_poer_na gagasan tok kurang mbadok yo ngloso bos😂,3,0,1,arya_sampoerna,Badokan tok kurang gagasan
dikoll_x3,@arya_sam_poer_na banyak gagasan emang bisa bikin banyak aksi???😂,1,0,1,arya_sampoerna,Badokan tok kurang gagasan
novi_opie88,@arya_sam_poer_na Kono pilihan seng tukang gedabruss😂,3,0,1,arya_sampoerna,Badokan tok kurang gagasan
litafitria9,@arya_sam_poer_na janji 0%😂,1,0,1,arya_sampoerna,Badokan tok kurang gagasan
rflifrnando_,"@umamilidya Hahaha betoll, makane kui pendukunge Anis Podo pekok. Kewarekan mangan janji manis Karo gagasan 😂",3,0,1,arya_sampoerna,Badokan tok kurang gagasan
dede_anggraenird,@arya_sam_poer_na ribet,2,0,1,arya_sampoerna,Badokan tok kurang gagasan
aswarirheena,@arya_sam_poer_na ngarani awak e dewe..😂😂,2,0,1,arya_sampoerna,Badokan tok kurang gagasan
dany.tamam,@arya_sam_poer_na buzzer wkwk.. komen pisan ngilang. Rasakan abadi 🤣,3,0,1,arya_sampoerna,Badokan tok kurang gagasan
adrypscl.13,@arya_sam_poer_na wong kok kebacut gagasan kakaean cocot,3,0,1,arya_sampoerna,Badokan tok kurang gagasan
nunungerdiyanto25,"@arya_sam_poer_na badokan tapi membantu meringankan daripada gagasan doang emang bisa bikin kenyang? 😂 ingat bro rakyat butuh makan, perut klo lapar butuh makan bukan gagasan doang tapi 0 gak ada aksi😂",3,0,1,arya_sampoerna,Badokan tok kurang gagasan
nunungerdiyanto25,"@arya_sam_poer_na gelem koe mangan gagasan tok, warek gagasan tok? Rakyat butuh makan bro, aksi nyata tapi membantu yg kurang mampu dripada gagasan tok tapi 0 aksi",2,0,1,arya_sampoerna,Badokan tok kurang gagasan
aalya.fda_,@arya_sam_poer_na kyok cangkemu ikulo gaonk gagasane utekmu kakean mbadok brutu,3,0,1,arya_sampoerna,Badokan tok kurang gagasan
raffy_setyawan,@arya_sam_poer_na omong kosong 😂,2,0,1,arya_sampoerna,Badokan tok kurang gagasan
syarifsyarif4752,@arya_sam_poer_na Kabeh golek badokan mas..,2,0,1,arya_sampoerna,Badokan tok kurang gagasan
mido.bandara,@arya_sam_poer_na cangkeman tok. Mbulet koyo entut,4,0,1,arya_sampoerna,Badokan tok kurang gagasan
xysaga__,@arya_sam_poer_na semaur su😂😂,4,0,1,arya_sampoerna,Badokan tok kurang gagasan
khns_hmira,@mido.bandara wkwkwk wonge isen gak wani metu😂,2,0,1,arya_sampoerna,Badokan tok kurang gagasan
queen_egonu18,@arya_sam_poer_na cah goblok dukung gagasan Ra Ono aksi,2,0,1,arya_sampoerna,Badokan tok kurang gagasan
auliafitriana90,@arya_sam_poer_na teori² tok nyatane praktek raono.. janji² tok nyatane ndopok .. kenyang dikasih jambu? (Janji busuk)😛,3,0,1,arya_sampoerna,Badokan tok kurang gagasan
wijayantoy,@arya_sam_poer_na kok bisa yaa otaknya ketinggalan di jamban.,1,0,1,arya_sampoerna,Badokan tok kurang gagasan
yunasjack,@arya_sam_poer_na blok goblok balesen wong² ikiloh bangke😂,3,0,1,arya_sampoerna,Badokan tok kurang gagasan
anijeehan,"@arya_sam_poer_na badokan marai sehat, koe kakean ngising gagasan marai mukok",2,0,1,arya_sampoerna,Badokan tok kurang gagasan
hanif_rythm,@arya_sam_poer_na untalen gagasane junjunganmu,2,0,1,arya_sampoerna,Badokan tok kurang gagasan
dana_pradana97,@arya_sam_poer_na gagasan tok gak enek aksine yo percuma yg ada omon omon doang😂😂😂😂,2,0,1,arya_sampoerna,Badokan tok kurang gagasan
reyco_12,Wong jowo kabeh ki critane😂😂😂,2,0,1,arya_sampoerna,Badokan tok kurang gagasan
fa788da,@arya_sam_poer_na no 1 gagasan saja hasil NOL😂😂,1,0,1,arya_sampoerna,Badokan tok kurang gagasan
fa788da,"@dimasfernandez46 dia naik gunung kan lagi mantau arah angin , biar gampang bikin KTP anginnya😂😂",0,0,1,arya_sampoerna,Badokan tok kurang gagasan
vhiiyona.lop3,@arya_sam_poer_na gagasan tok berujung gedabruss ..,0,0,1,arya_sampoerna,Badokan tok kurang gagasan
uttiqr_,istighfar,0,0,1,arya_sampoerna,Badokan tok kurang gagasan
mutick_marva,@arya_sam_poer_na gagasan tok gak ono tindakan nggo opo?,0,0,1,arya_sampoerna,Badokan tok kurang gagasan
kaka_syantik_,"@arya_sam_poer_na iseh mendeng wareg badokan,ketimbang wareg janji metune angin kemebul koyo entut",0,0,1,arya_sampoerna,Badokan tok kurang gagasan
kaka_syantik_,"Mungkin wonge Ra tau mbadok,mangane janji manis Karo angen metune entot",0,0,1,arya_sampoerna,Badokan tok kurang gagasan
kaka_syantik_,@xysaga__ 🤣🤣🤣🤣,0,0,1,arya_sampoerna,Badokan tok kurang gagasan
xssrlwy,ngakak banget asli🤣🙊✌🏼,0,0,1,arya_sampoerna,Badokan tok kurang gagasan
ulukwing,@arya_sam_poer_na lak luwe omongo... Kok ngepot,0,0,1,arya_sampoerna,Badokan tok kurang gagasan
arya_sampoerna,@sabryan_macca buzeeer dasmu,0,0,1,arya_sampoerna,Badokan tok kurang gagasan
iswatun129,"@arya_sam_poer_na Iji tipe2 org yg kurang wawasan, kuramg baca dn krg update. Berlian kok dibandingkan dg pecahan genting😂😂😂😂✌✌",0,0,1,arya_sampoerna,Badokan tok kurang gagasan
hil1323,@arya_sam_poer_na orang goblok pilih anis,0,0,1,arya_sampoerna,Badokan tok kurang gagasan
akungabbyy,@arya_sam_poer_na gagasan beliau adalah gagasan yg paling masuk akal. Apakah km kenyang makan internet? Apakah km kenyang makan bbm gratis? Nyatanya semua orang kerja buat menyambung hidup yang artinya semua orang kerja buat nyari makan. Percuma internet gratis bbm gratis kalo obyek (masyarakat indonesia) sendiri masih butuh gizi yg cukup,0,0,1,arya_sampoerna,Badokan tok kurang gagasan
sriyatun_2375,Mantap bang Fero aku mendukung Paslon Abang 👍💪❤️,17,0,0,,
suli.ssaputri,Disini ada yang tau ngga cara nurunin BB gimana?soalnya aku udah cape dikatain gendut sama tetangga😭,10,9,0,,
fitr.inurlaely,@suli.ssaputri coba deh bund pake suplemen diet dari @jasminesliim_ aku sendiri baru 2 mingguan konsumsi BB turun 7 Kg,0,0,1,suli.ssaputri,Disini ada yang tau ngga cara nurunin BB gimana?soalnya aku udah cape dikatain gendut sama tetangga😭
suli.ssaputri,@fitr.inurlaely itu beneran bisa nurunin sampe 7 Kg?,0,0,1,suli.ssaputri,Disini ada yang tau ngga cara nurunin BB gimana?soalnya aku udah cape dikatain gendut sama tetangga😭
fitr.inurlaely,@suli.ssaputri Beneran bund emang sebagus itu suplemen @jasminesliim_ buat bantu nurunin BB,0,0,1,suli.ssaputri,Disini ada yang tau ngga cara nurunin BB gimana?soalnya aku udah cape dikatain gendut sama tetangga😭
suli.ssaputri,@fitr.inurlaely iya kah?,0,0,1,suli.ssaputri,Disini ada yang tau ngga cara nurunin BB gimana?soalnya aku udah cape dikatain gendut sama tetangga😭
putrianarais,@suli.ssaputri bener tuh bund kata mba nya soalnya aku juga pernah pake produk dari @jasminesliim_ 1 bulan konsumsi BB turun sampe 17 Kg,0,0,1,suli.ssaputri,Disini ada yang tau ngga cara nurunin BB gimana?soalnya aku udah cape dikatain gendut sama tetangga😭
suli.ssaputri,@putrianarais wahh ternyata beneran bisa nurunin sampe segituu😍aku juga mau coba deh suplemen @jasminesliim_ btw makasih info nya,0,0,1,suli.ssaputri,Disini ada yang tau ngga cara nurunin BB gimana?soalnya aku udah cape dikatain gendut sama tetangga😭
putrianarais,"@suli.ssaputri iya bund sama"" semoga membantu",0,0,1,suli.ssaputri,Disini ada yang tau ngga cara nurunin BB gimana?soalnya aku udah cape dikatain gendut sama tetangga😭
jasminesliim_,@fitr.inurlaely ❤️❤️,0,0,1,suli.ssaputri,Disini ada yang tau ngga cara nurunin BB gimana?soalnya aku udah cape dikatain gendut sama tetangga😭
jasminesliim_,@putrianarais ❤️❤️,0,0,1,suli.ssaputri,Disini ada yang tau ngga cara nurunin BB gimana?soalnya aku udah cape dikatain gendut sama tetangga😭
yugo_wakabayasi,,0,0,0,,
sri_damayanti_022,Dikampung aku ka😍seneng bgt bisa ketemu ka Fero langsung😍❤️,40,0,0,,
dolhoa18,Widih bro fero,3,0,0,,
karinawiano,💗,6,0,0,,
pratamakarlo,Bisa ketebak. Mungkin si @bobonsantoso yg bakal sediakan makan gratis untuk nasional. Buka perusahaan catering 😂,2,0,0,,
laras9691,klo gitu saya bersama pak prabowo juga,6,0,0,,
dinarwahyu_akunbaru,All in🔥,46,0,0,,
donnie_ferro_o,✌️🙌,0,0,0,,
kingreno_official,✌🏽,0,0,0,,
cintagiara,❤️❤️❤️,0,0,0,,
nengdillah02,Idola gueeeee bang Fero sama pak gemoy😍✌️✌️,0,0,0,,
saiyahnursaad,✌️✌️✌️✌️♥️,0,0,0,,
suryani220883,❤️❤️,2,0,0,,
vebby.prabowogerindra_27,😍,0,0,0,,
hrcln.fr,🔥🔥,9,0,0,,
mia.adrianna__,Sehat selalu Pak Prabowo dan bang Fero😊🥰😍♥️,80,0,0,,
mamaeyuti,All in prabowo gibran 😍😍,110,0,0,,
askom1805,Mantap abang ku✌️💙,23,0,0,,
bunda_jannah,All in prabowo gibran ❤️❤️,352,0,0,,
dizzyy_mntlng,TORANG DG TUAMA🔥🔥,47,0,0,,
kesyaasyfaa_,all in ✌️,0,0,0,,
uun39,❤️❤️❤️,0,0,0,,
iqballsyahputra,👏👏👏,0,0,0,,
habricharlino,I Yayat U Santi !!,0,0,0,,
jufren_k_wazeng,zah..sama torang ✌😉,13,0,0,,
kevinzethizac,maju AMIN !!!🔥,21,1,0,,
xssrlwy,@kevinzethizac jadi sales koyo,0,0,1,kevinzethizac,maju AMIN !!!🔥
yournarddd,✌🏼,0,0,0,,
ekomulyadii,Mantap abang Fero 👍🏻👍🏻👍🏻,53,1,0,,
naufalputtra10,@ekomulyadii bang Eko,0,0,1,ekomulyadii,Mantap abang Fero 👍🏻👍🏻👍🏻
doddyansyah,👏,31,0,0,,
stifvibes,Putra Minahasa ✌🏻,59,0,0,,
cewe.banten.37,😍,0,0,0,,
deayuanggi,Garis keras Prabowo ni tampaknya bg😂,141,3,0,,
don_caberes,Pastilah mbak. Kan @fero_walandouw asli Manado.,7,0,1,deayuanggi,Garis keras Prabowo ni tampaknya bg😂
deayuanggi,@cioroas mantap kawal sampai jd Presiden 😍😍,7,0,1,deayuanggi,Garis keras Prabowo ni tampaknya bg😂
don_caberes,@deayuanggi siaaap nyonya..😍😍,2,0,1,deayuanggi,Garis keras Prabowo ni tampaknya bg😂
macha.cii1,Ka feroooo😍,0,0,0,,
prince_theblues,🔥🔥🔥,0,0,0,,
annetteldewi,Terbaikk memang Bapak Prabowo!🔥🔥,319,0,0,,
nayarisk_,Lihat body kak fero makin nambah ideal aja kasih tau dong program penurunan BB,3,5,0,,
nitavirda_,@nayarisk_ Coba order produknya @nice.slim_ bagus banget produknya kak🥰,0,0,1,nayarisk_,Lihat body kak fero makin nambah ideal aja kasih tau dong program penurunan BB
nayarisk_,@nitavirda_ Seriusan emangnya bisa bantu nurunin Bb dan perut Buncit tanpa olahraga??,0,0,1,nayarisk_,Lihat body kak fero makin nambah ideal aja kasih tau dong program penurunan BB
nitavirda_,@nayarisk_ Ohh ternyata kaka juga order di @nice.slim_ sama kak aku aja kemaren order alhamdulilah turun 10kg kak,0,0,1,nayarisk_,Lihat body kak fero makin nambah ideal aja kasih tau dong program penurunan BB
nayarisk_,"@anatasyafitri_ Jadi penasaran pengin cobain lansung,kalau gitu aku mau coba ikut program @nice.slim_ makasih ya buat infonya🙏",0,0,1,nayarisk_,Lihat body kak fero makin nambah ideal aja kasih tau dong program penurunan BB
annsalstarii,😍😍😍,4,0,0,,
miss_ecca,❤️❤️❤️,9,0,0,,
